{"mean":{"confidence_interval":{"confidence_level":0.95,"lower_bound":-0.0010718292556944615,"upper_bound":0.0014314165827640111},"point_estimate":0.00027242581190844994,"standard_error":0.0006340757402638593},"median":{"confidence_interval":{"confidence_level":0.95,"lower_bound":-0.00040611015900970937,"upper_bound":0.0016791942854010866},"point_estimate":0.0007712633486607334,"standard_error":0.0005421860313720209}}