{"mean":{"confidence_interval":{"confidence_level":0.95,"lower_bound":-0.0029118248426489297,"upper_bound":0.0017343495611351948},"point_estimate":-0.000574486004742969,"standard_error":0.001182186621324371},"median":{"confidence_interval":{"confidence_level":0.95,"lower_bound":-0.0015775896857377347,"upper_bound":0.0017742765978965291},"point_estimate":-0.00005472822793994858,"standard_error":0.000844258600395697}}