{"mean":{"confidence_interval":{"confidence_level":0.95,"lower_bound":0.0033924376878775096,"upper_bound":0.01601555288668267},"point_estimate":0.009339570440940692,"standard_error":0.0032500275793175123},"median":{"confidence_interval":{"confidence_level":0.95,"lower_bound":-0.0007330614126753732,"upper_bound":0.013477999716751787},"point_estimate":0.006075772681759295,"standard_error":0.003757576835080828}}