{"mean":{"confidence_interval":{"confidence_level":0.95,"lower_bound":-0.00399453085739774,"upper_bound":-0.0027102712903646635},"point_estimate":-0.0033499104753003106,"standard_error":0.00032816674172489886},"median":{"confidence_interval":{"confidence_level":0.95,"lower_bound":-0.0041280867324360315,"upper_bound":-0.0024755965128374635},"point_estimate":-0.0031810171963231326,"standard_error":0.0004349070817603132}}