{"mean":{"confidence_interval":{"confidence_level":0.95,"lower_bound":0.07950396381739294,"upper_bound":0.0829362379292939},"point_estimate":0.08125483616888052,"standard_error":0.0008758675390640403},"median":{"confidence_interval":{"confidence_level":0.95,"lower_bound":0.07981087760367792,"upper_bound":0.0838247146283917},"point_estimate":0.08175675291928752,"standard_error":0.0010616447915444136}}