{"mean":{"confidence_interval":{"confidence_level":0.95,"lower_bound":149.51523328867438,"upper_bound":151.20452321876846},"point_estimate":150.45290335864215,"standard_error":0.4344723935803464},"median":{"confidence_interval":{"confidence_level":0.95,"lower_bound":151.00919761089892,"upper_bound":151.46325804172977},"point_estimate":151.24107739481246,"standard_error":0.10664622484380652},"median_abs_dev":{"confidence_interval":{"confidence_level":0.95,"lower_bound":0.28063835550874316,"upper_bound":0.8706193240412665},"point_estimate":0.5544663012921713,"standard_error":0.14503261337516674},"slope":{"confidence_interval":{"confidence_level":0.95,"lower_bound":150.0464548878148,"upper_bound":151.2537286496864},"point_estimate":150.80419895926997,"standard_error":0.313170950267033},"std_dev":{"confidence_interval":{"confidence_level":0.95,"lower_bound":0.9578997929856551,"upper_bound":3.4095513811356533},"point_estimate":2.415414439376307,"standard_error":0.6387543877924247}}