{"mean":{"confidence_interval":{"confidence_level":0.95,"lower_bound":-0.07593355178209724,"upper_bound":0.025829891517079984},"point_estimate":-0.02077258662996373,"standard_error":0.026245328051396347},"median":{"confidence_interval":{"confidence_level":0.95,"lower_bound":0.02958756655419293,"upper_bound":0.041034141647509514},"point_estimate":0.036932112057453725,"standard_error":0.0027926350499193737}}