{"mean":{"confidence_interval":{"confidence_level":0.95,"lower_bound":0.004947550751242264,"upper_bound":0.009591731244804535},"point_estimate":0.0073645916938902545,"standard_error":0.0011769878952089332},"median":{"confidence_interval":{"confidence_level":0.95,"lower_bound":0.006681103863617643,"upper_bound":0.010834339617653566},"point_estimate":0.008311836500080272,"standard_error":0.0010410077495134884}}