{"mean":{"confidence_interval":{"confidence_level":0.95,"lower_bound":-0.031142620501966145,"upper_bound":-0.024118837172002333},"point_estimate":-0.027821026946116878,"standard_error":0.0018901487021304036},"median":{"confidence_interval":{"confidence_level":0.95,"lower_bound":-0.032834166939724185,"upper_bound":-0.026777424417845586},"point_estimate":-0.030024303547081743,"standard_error":0.0015608942752265123}}