{"mean":{"confidence_interval":{"confidence_level":0.95,"lower_bound":-0.06318003419446765,"upper_bound":-0.05904683958360894},"point_estimate":-0.06123090899441219,"standard_error":0.0010506492683578178},"median":{"confidence_interval":{"confidence_level":0.95,"lower_bound":-0.06573705365068283,"upper_bound":-0.0642399804537479},"point_estimate":-0.06513426003024247,"standard_error":0.0003694296196994429}}