{"mean":{"confidence_interval":{"confidence_level":0.95,"lower_bound":0.001914561052068675,"upper_bound":0.003514157668382949},"point_estimate":0.002714421880240181,"standard_error":0.00040873822112180074},"median":{"confidence_interval":{"confidence_level":0.95,"lower_bound":0.001422277505474412,"upper_bound":0.0038083304384310956},"point_estimate":0.0027596990000389177,"standard_error":0.000633526904157546}}