{"mean":{"confidence_interval":{"confidence_level":0.95,"lower_bound":2.0198396870532918,"upper_bound":2.022234513497331},"point_estimate":2.0209007711915463,"standard_error":0.0006154549327613708},"median":{"confidence_interval":{"confidence_level":0.95,"lower_bound":2.019103138289977,"upper_bound":2.020663127420376},"point_estimate":2.0201371246022344,"standard_error":0.0004163841417551159},"median_abs_dev":{"confidence_interval":{"confidence_level":0.95,"lower_bound":0.0015247642731338498,"upper_bound":0.0034524209222649375},"point_estimate":0.0024397131997152314,"standard_error":0.0005042686627530416},"slope":{"confidence_interval":{"confidence_level":0.95,"lower_bound":2.01956979621913,"upper_bound":2.0207646746274506},"point_estimate":2.0201790106695356,"standard_error":0.0003046158334651549},"std_dev":{"confidence_interval":{"confidence_level":0.95,"lower_bound":0.0021797723581390123,"upper_bound":0.006431790945178134},"point_estimate":0.004394012239706398,"standard_error":0.0011930617578377702}}