{"mean":{"confidence_interval":{"confidence_level":0.95,"lower_bound":0.002527072972443484,"upper_bound":0.007535905263306356},"point_estimate":0.004982619772397889,"standard_error":0.0012726337646701323},"median":{"confidence_interval":{"confidence_level":0.95,"lower_bound":0.0027677078891115148,"upper_bound":0.006728762262786958},"point_estimate":0.0041938108607657565,"standard_error":0.00100730203733161}}