{"mean":{"confidence_interval":{"confidence_level":0.95,"lower_bound":0.09079584625946782,"upper_bound":0.09425025599303932},"point_estimate":0.09265061940027608,"standard_error":0.0008854274031227246},"median":{"confidence_interval":{"confidence_level":0.95,"lower_bound":0.09120199861192102,"upper_bound":0.09470576233186767},"point_estimate":0.09288675330947127,"standard_error":0.0008915712428422629}}