{"mean":{"confidence_interval":{"confidence_level":0.95,"lower_bound":-0.004749536560753253,"upper_bound":0.000572976957255694},"point_estimate":-0.0022601914401894074,"standard_error":0.0013512386682958612},"median":{"confidence_interval":{"confidence_level":0.95,"lower_bound":-0.005726937659033204,"upper_bound":0.00038393868754371674},"point_estimate":-0.002479707881576254,"standard_error":0.0016637243594044174}}