{"mean":{"confidence_interval":{"confidence_level":0.95,"lower_bound":-0.00263674052138934,"upper_bound":0.0025601379600074785},"point_estimate":-0.00020325004012200498,"standard_error":0.001353152205181002},"median":{"confidence_interval":{"confidence_level":0.95,"lower_bound":-0.002722699633691761,"upper_bound":-0.0003685812189708759},"point_estimate":-0.001538889996507753,"standard_error":0.0006127354286575837}}