{"mean":{"confidence_interval":{"confidence_level":0.95,"lower_bound":-0.1779928691599854,"upper_bound":-0.0035717607814974416},"point_estimate":-0.08466244322757088,"standard_error":0.045166772099199094},"median":{"confidence_interval":{"confidence_level":0.95,"lower_bound":-0.007669503327918226,"upper_bound":-0.001267485843987789},"point_estimate":-0.0037202493680734694,"standard_error":0.0029884231169744328}}