{"mean":{"confidence_interval":{"confidence_level":0.95,"lower_bound":-0.00016892177271823618,"upper_bound":0.0013019772150650864},"point_estimate":0.0005860994502209227,"standard_error":0.0003750068467555568},"median":{"confidence_interval":{"confidence_level":0.95,"lower_bound":-0.0001545206983262215,"upper_bound":0.0013162733579268338},"point_estimate":0.0002566801655119466,"standard_error":0.0003975242459677009}}