{"mean":{"confidence_interval":{"confidence_level":0.95,"lower_bound":152.7450422055691,"upper_bound":153.11791546205063},"point_estimate":152.93242468668643,"standard_error":0.09509830133061213},"median":{"confidence_interval":{"confidence_level":0.95,"lower_bound":152.6970728638247,"upper_bound":153.1995991538992},"point_estimate":153.0173383468312,"standard_error":0.1699151062817649},"median_abs_dev":{"confidence_interval":{"confidence_level":0.95,"lower_bound":0.18234411543693343,"upper_bound":0.6606256024250398},"point_estimate":0.4409261788913902,"standard_error":0.11683514076975521},"slope":{"confidence_interval":{"confidence_level":0.95,"lower_bound":152.68504700486542,"upper_bound":153.07959417051745},"point_estimate":152.89325755529606,"standard_error":0.10064546468387191},"std_dev":{"confidence_interval":{"confidence_level":0.95,"lower_bound":0.3091191600456313,"upper_bound":0.5344896677838376},"point_estimate":0.43637974334711555,"standard_error":0.05785387116585866}}