{"mean":{"confidence_interval":{"confidence_level":0.95,"lower_bound":0.04229579777247225,"upper_bound":0.044110170868543463},"point_estimate":0.043200932061427944,"standard_error":0.00046520780820056933},"median":{"confidence_interval":{"confidence_level":0.95,"lower_bound":0.04179020801255473,"upper_bound":0.04435599321530806},"point_estimate":0.04334292787986871,"standard_error":0.0007044732016032216}}