{"mean":{"confidence_interval":{"confidence_level":0.95,"lower_bound":-0.009630523796616428,"upper_bound":-0.0004358637261555304},"point_estimate":-0.004416167482478528,"standard_error":0.0023779018610144602},"median":{"confidence_interval":{"confidence_level":0.95,"lower_bound":-0.000829229297982792,"upper_bound":0.0006421626526402768},"point_estimate":-0.00014727641658252022,"standard_error":0.0003657049510325395}}