{"mean":{"confidence_interval":{"confidence_level":0.95,"lower_bound":0.0021272363977469623,"upper_bound":0.004239169500458416},"point_estimate":0.0031532997902017357,"standard_error":0.0005387101191456714},"median":{"confidence_interval":{"confidence_level":0.95,"lower_bound":0.0014061038804922266,"upper_bound":0.0037948138552041932},"point_estimate":0.0025807541206614992,"standard_error":0.000609972614627342}}