{"mean":{"confidence_interval":{"confidence_level":0.95,"lower_bound":0.004493925680455146,"upper_bound":0.008559571558691897},"point_estimate":0.006454828390153544,"standard_error":0.0010625296546804427},"median":{"confidence_interval":{"confidence_level":0.95,"lower_bound":0.003704990865026625,"upper_bound":0.007556808226750755},"point_estimate":0.0060397355588979185,"standard_error":0.0009705385419174725}}