{"mean":{"confidence_interval":{"confidence_level":0.95,"lower_bound":0.011978049382417876,"upper_bound":0.023763736309876052},"point_estimate":0.018430783226787373,"standard_error":0.0029272691029405993},"median":{"confidence_interval":{"confidence_level":0.95,"lower_bound":0.021220542401288345,"upper_bound":0.024717355856158196},"point_estimate":0.022953023991393096,"standard_error":0.0008582579862222376}}