{"mean":{"confidence_interval":{"confidence_level":0.95,"lower_bound":-0.01447860102566575,"upper_bound":-0.006251209704163612},"point_estimate":-0.009907981094893326,"standard_error":0.0021206387820662275},"median":{"confidence_interval":{"confidence_level":0.95,"lower_bound":-0.008729375097703884,"upper_bound":-0.003974422644201336},"point_estimate":-0.0056319773264582595,"standard_error":0.001179968835908627}}