{"mean":{"confidence_interval":{"confidence_level":0.95,"lower_bound":-0.0035893189356039773,"upper_bound":0.002130658857918666},"point_estimate":-0.0011526774647728777,"standard_error":0.0014011201066479533},"median":{"confidence_interval":{"confidence_level":0.95,"lower_bound":-0.004215905475521975,"upper_bound":0.0002126244742119976},"point_estimate":-0.002341716029710228,"standard_error":0.0010548850855919784}}