{"mean":{"confidence_interval":{"confidence_level":0.95,"lower_bound":-0.004239895216394313,"upper_bound":0.0005323037534484084},"point_estimate":-0.0019657414119067518,"standard_error":0.001215319004351863},"median":{"confidence_interval":{"confidence_level":0.95,"lower_bound":-0.005949832182547077,"upper_bound":0.0004265143391812831},"point_estimate":-0.002347052368071756,"standard_error":0.001604687877336721}}