{"mean":{"confidence_interval":{"confidence_level":0.95,"lower_bound":0.029789111139702118,"upper_bound":0.03434113175075074},"point_estimate":0.032213329064710416,"standard_error":0.0011631243086957159},"median":{"confidence_interval":{"confidence_level":0.95,"lower_bound":0.03226527109806532,"upper_bound":0.034351340404789044},"point_estimate":0.033293110707534046,"standard_error":0.0005329470278096024}}