{"mean":{"confidence_interval":{"confidence_level":0.95,"lower_bound":-0.9965460853919598,"upper_bound":-0.9965372304599857},"point_estimate":-0.9965415348277925,"standard_error":2.2620081291926067e-6},"median":{"confidence_interval":{"confidence_level":0.95,"lower_bound":-0.9965454196310052,"upper_bound":-0.9965372573171848},"point_estimate":-0.9965406830796124,"standard_error":2.006019571464828e-6}}