{"mean":{"confidence_interval":{"confidence_level":0.95,"lower_bound":0.011305777210482332,"upper_bound":0.013709943317098633},"point_estimate":0.01253477194934538,"standard_error":0.0006171109778820744},"median":{"confidence_interval":{"confidence_level":0.95,"lower_bound":0.011055412167008338,"upper_bound":0.014634899225305587},"point_estimate":0.013184821138932712,"standard_error":0.0009276927597744141}}