{"mean":{"confidence_interval":{"confidence_level":0.95,"lower_bound":-0.009524959809325897,"upper_bound":0.0002139238325488673},"point_estimate":-0.0032918704390810793,"standard_error":0.0028820187351463328},"median":{"confidence_interval":{"confidence_level":0.95,"lower_bound":-0.001219609378549813,"upper_bound":0.0004972241487724016},"point_estimate":-0.00008226594519267216,"standard_error":0.0004453683277343266}}