{"mean":{"confidence_interval":{"confidence_level":0.95,"lower_bound":-0.013571025124040941,"upper_bound":-0.007778787047647862},"point_estimate":-0.010826264940981267,"standard_error":0.0015088615888649666},"median":{"confidence_interval":{"confidence_level":0.95,"lower_bound":-0.013144708184926733,"upper_bound":-0.011487904512666458},"point_estimate":-0.012601974750985012,"standard_error":0.0003915893595449611}}