{"mean":{"confidence_interval":{"confidence_level":0.95,"lower_bound":-0.04049871469154559,"upper_bound":-0.03664108571211591},"point_estimate":-0.03864289614166638,"standard_error":0.0009660611823153446},"median":{"confidence_interval":{"confidence_level":0.95,"lower_bound":-0.04205373677370927,"upper_bound":-0.03625596241483969},"point_estimate":-0.03929953094583871,"standard_error":0.0015837251999877195}}