{"mean":{"confidence_interval":{"confidence_level":0.95,"lower_bound":67.91416238182438,"upper_bound":68.14554712284499},"point_estimate":68.02674772761841,"standard_error":0.05899691726211087},"median":{"confidence_interval":{"confidence_level":0.95,"lower_bound":67.9322512695399,"upper_bound":68.10501001679884},"point_estimate":68.01974223296637,"standard_error":0.0442511602673179},"median_abs_dev":{"confidence_interval":{"confidence_level":0.95,"lower_bound":0.08082119363688596,"upper_bound":0.40642607835171163},"point_estimate":0.1865529493582068,"standard_error":0.08330260013163991},"slope":{"confidence_interval":{"confidence_level":0.95,"lower_bound":67.74706802380511,"upper_bound":67.9912852342844},"point_estimate":67.85484375022439,"standard_error":0.06242991997765533},"std_dev":{"confidence_interval":{"confidence_level":0.95,"lower_bound":0.16821180601913208,"upper_bound":0.35030350335111754},"point_estimate":0.27109956677470465,"standard_error":0.04708158264937948}}