{"mean":{"confidence_interval":{"confidence_level":0.95,"lower_bound":0.023101040597363405,"upper_bound":0.027840318078514073},"point_estimate":0.025699344848457484,"standard_error":0.0012168304285270766},"median":{"confidence_interval":{"confidence_level":0.95,"lower_bound":0.024646070101421724,"upper_bound":0.030141349906886106},"point_estimate":0.02816596664558091,"standard_error":0.0015224743004250017}}