{"mean":{"confidence_interval":{"confidence_level":0.95,"lower_bound":115.44926399397691,"upper_bound":116.2020503935581},"point_estimate":115.80339293788754,"standard_error":0.19299075793011444},"median":{"confidence_interval":{"confidence_level":0.95,"lower_bound":115.20846682478867,"upper_bound":115.97586424097098},"point_estimate":115.59129497861298,"standard_error":0.2411074228741911},"median_abs_dev":{"confidence_interval":{"confidence_level":0.95,"lower_bound":0.3904039619695005,"upper_bound":1.2419105639650925},"point_estimate":0.5983269388393498,"standard_error":0.2241120168677521},"slope":{"confidence_interval":{"confidence_level":0.95,"lower_bound":115.51028640733055,"upper_bound":116.17443566884059},"point_estimate":115.846633385186,"standard_error":0.16952726837796264},"std_dev":{"confidence_interval":{"confidence_level":0.95,"lower_bound":0.5229245791214242,"upper_bound":1.1781836682970577},"point_estimate":0.8832115120800098,"standard_error":0.17559749205641256}}