{"mean":{"confidence_interval":{"confidence_level":0.95,"lower_bound":0.037136375666896454,"upper_bound":0.040859063226275104},"point_estimate":0.03912180151136302,"standard_error":0.0009466495315041565},"median":{"confidence_interval":{"confidence_level":0.95,"lower_bound":0.03870849660927633,"upper_bound":0.0410834590146707},"point_estimate":0.03969425010270955,"standard_error":0.0006347554047171863}}