{"mean":{"confidence_interval":{"confidence_level":0.95,"lower_bound":0.009093638654003661,"upper_bound":0.01315091176185701},"point_estimate":0.011236382682618284,"standard_error":0.0010391216708530466},"median":{"confidence_interval":{"confidence_level":0.95,"lower_bound":0.010399131997190558,"upper_bound":0.014795091045999076},"point_estimate":0.012694483722125671,"standard_error":0.001126376862333095}}