{"mean":{"confidence_interval":{"confidence_level":0.95,"lower_bound":22.644726140199747,"upper_bound":22.674346563762292},"point_estimate":22.65980005935414,"standard_error":0.007556579840068932},"median":{"confidence_interval":{"confidence_level":0.95,"lower_bound":22.649912219824877,"upper_bound":22.671676175611402},"point_estimate":22.66455791316453,"standard_error":0.0052951350137316715},"median_abs_dev":{"confidence_interval":{"confidence_level":0.95,"lower_bound":0.011846200133195277,"upper_bound":0.04637517345177135},"point_estimate":0.02989503354231161,"standard_error":0.0093649451342669},"slope":{"confidence_interval":{"confidence_level":0.95,"lower_bound":22.656702753531743,"upper_bound":22.675200326111646},"point_estimate":22.665878616349147,"standard_error":0.004723077811563122},"std_dev":{"confidence_interval":{"confidence_level":0.95,"lower_bound":0.02860121415924786,"upper_bound":0.05225237994122774},"point_estimate":0.04199401866803273,"standard_error":0.006051500817665284}}