{"mean":{"confidence_interval":{"confidence_level":0.95,"lower_bound":0.0002403440472759759,"upper_bound":0.0015920347176589687},"point_estimate":0.0009331562250773917,"standard_error":0.0003446566713054832},"median":{"confidence_interval":{"confidence_level":0.95,"lower_bound":0.000331635475925518,"upper_bound":0.001670395761199872},"point_estimate":0.0008611985606366002,"standard_error":0.0003258042215769273}}