{"mean":{"confidence_interval":{"confidence_level":0.95,"lower_bound":0.0027765194273970174,"upper_bound":0.003991899087600752},"point_estimate":0.0033944831067691528,"standard_error":0.00031076830083632287},"median":{"confidence_interval":{"confidence_level":0.95,"lower_bound":0.0031063955737207216,"upper_bound":0.004357952064611759},"point_estimate":0.0036840398587871803,"standard_error":0.00031159529822601595}}