{"mean":{"confidence_interval":{"confidence_level":0.95,"lower_bound":0.052409714556738304,"upper_bound":0.059165626197299814},"point_estimate":0.05581890970907666,"standard_error":0.0017219601409762034},"median":{"confidence_interval":{"confidence_level":0.95,"lower_bound":0.05198880503424341,"upper_bound":0.05954514961358015},"point_estimate":0.055440283809691016,"standard_error":0.0020159238484335233}}