{"mean":{"confidence_interval":{"confidence_level":0.95,"lower_bound":-0.007091683535291317,"upper_bound":-0.0020042089853042184},"point_estimate":-0.004505266296435773,"standard_error":0.0012957593150281356},"median":{"confidence_interval":{"confidence_level":0.95,"lower_bound":-0.007310229447412442,"upper_bound":-0.001832946494856497},"point_estimate":-0.005024405854841318,"standard_error":0.0013690708438639204}}