{"mean":{"confidence_interval":{"confidence_level":0.95,"lower_bound":0.004745785393643537,"upper_bound":0.006016539107663648},"point_estimate":0.0053785383366851125,"standard_error":0.0003242153025216558},"median":{"confidence_interval":{"confidence_level":0.95,"lower_bound":0.004695042541467798,"upper_bound":0.005780314877532755},"point_estimate":0.005380357404044744,"standard_error":0.0002711372926423808}}