{"mean":{"confidence_interval":{"confidence_level":0.95,"lower_bound":-0.026034149618387275,"upper_bound":-0.019576080208641652},"point_estimate":-0.022811224988230516,"standard_error":0.001619600695189241},"median":{"confidence_interval":{"confidence_level":0.95,"lower_bound":-0.025694430474989982,"upper_bound":-0.018515153647760574},"point_estimate":-0.02114486574327168,"standard_error":0.0018316234240372765}}