{"mean":{"confidence_interval":{"confidence_level":0.95,"lower_bound":-0.10714377332617069,"upper_bound":0.015555973682186084},"point_estimate":-0.04212575399826268,"standard_error":0.0317553810758887},"median":{"confidence_interval":{"confidence_level":0.95,"lower_bound":0.028891117497777508,"upper_bound":0.030748039402956076},"point_estimate":0.029944155342511714,"standard_error":0.00047461645441029474}}