{"mean":{"confidence_interval":{"confidence_level":0.95,"lower_bound":-0.00033804200351726334,"upper_bound":0.0082158686967146},"point_estimate":0.0037561719152801043,"standard_error":0.0022416671714788577},"median":{"confidence_interval":{"confidence_level":0.95,"lower_bound":-0.0023571063394972613,"upper_bound":0.007745094171139444},"point_estimate":0.0018542890790822497,"standard_error":0.0024982034426288533}}