{"mean":{"confidence_interval":{"confidence_level":0.95,"lower_bound":-0.007410366716769189,"upper_bound":0.19393604819419222},"point_estimate":0.07480746337691335,"standard_error":0.05486525957751547},"median":{"confidence_interval":{"confidence_level":0.95,"lower_bound":-0.021966040938492193,"upper_bound":0.0020856039230547907},"point_estimate":-0.008660727830911097,"standard_error":0.005920282907048255}}