{"mean":{"confidence_interval":{"confidence_level":0.95,"lower_bound":0.0016907134155648824,"upper_bound":0.003134984446950445},"point_estimate":0.002422033972292903,"standard_error":0.00036830167537080623},"median":{"confidence_interval":{"confidence_level":0.95,"lower_bound":0.0014625820685056912,"upper_bound":0.003179760401200493},"point_estimate":0.002486906106396791,"standard_error":0.0004348522235349991}}