{"mean":{"confidence_interval":{"confidence_level":0.95,"lower_bound":-0.00039846329101992593,"upper_bound":0.01636821960403834},"point_estimate":0.006697730170667215,"standard_error":0.004355499361427067},"median":{"confidence_interval":{"confidence_level":0.95,"lower_bound":-0.0029348968359799166,"upper_bound":0.00343063651984421},"point_estimate":-0.00011825263390052854,"standard_error":0.001599191554268035}}