{"mean":{"confidence_interval":{"confidence_level":0.95,"lower_bound":-0.012235457611451566,"upper_bound":0.0020686952859259007},"point_estimate":-0.0050628222326774,"standard_error":0.003669019568143932},"median":{"confidence_interval":{"confidence_level":0.95,"lower_bound":-0.016831332102600127,"upper_bound":0.004218670473060904},"point_estimate":0.0029285767275328833,"standard_error":0.0052943275746776385}}