{"mean":{"confidence_interval":{"confidence_level":0.95,"lower_bound":-0.02832074047805951,"upper_bound":-0.007767409409679493},"point_estimate":-0.01589277156972002,"standard_error":0.005495669231552951},"median":{"confidence_interval":{"confidence_level":0.95,"lower_bound":-0.014671547134752383,"upper_bound":-0.007855791134506185},"point_estimate":-0.010710551601779361,"standard_error":0.0016913555852324598}}