{"mean":{"confidence_interval":{"confidence_level":0.95,"lower_bound":0.005496526869417291,"upper_bound":0.014086788407309703},"point_estimate":0.009626063532087725,"standard_error":0.002172923414049588},"median":{"confidence_interval":{"confidence_level":0.95,"lower_bound":0.006644865522118959,"upper_bound":0.011524410608812152},"point_estimate":0.009414813797559818,"standard_error":0.0012664411442594112}}