{"mean":{"confidence_interval":{"confidence_level":0.95,"lower_bound":0.002835188340669859,"upper_bound":0.004025996463301245},"point_estimate":0.003433582614250197,"standard_error":0.0003026134062915308},"median":{"confidence_interval":{"confidence_level":0.95,"lower_bound":0.00275726727506731,"upper_bound":0.00414819566662783},"point_estimate":0.0035424239940589075,"standard_error":0.0003571084844188675}}