{"mean":{"confidence_interval":{"confidence_level":0.95,"lower_bound":-0.04206131873426121,"upper_bound":-0.03536303939549594},"point_estimate":-0.03864563361957507,"standard_error":0.001700882436116789},"median":{"confidence_interval":{"confidence_level":0.95,"lower_bound":-0.04087410071817288,"upper_bound":-0.0339596792460094},"point_estimate":-0.037402927340742353,"standard_error":0.0017984166221345472}}