{"mean":{"confidence_interval":{"confidence_level":0.95,"lower_bound":0.016663069942290838,"upper_bound":0.028868719913869433},"point_estimate":0.022734213788757396,"standard_error":0.0031109741484935437},"median":{"confidence_interval":{"confidence_level":0.95,"lower_bound":0.015441056721778201,"upper_bound":0.026565916569613934},"point_estimate":0.021568552423291365,"standard_error":0.003106281869532831}}