{"mean":{"confidence_interval":{"confidence_level":0.95,"lower_bound":0.0012238767312628132,"upper_bound":0.010225059867011426},"point_estimate":0.005759539653557244,"standard_error":0.0023084799566819485},"median":{"confidence_interval":{"confidence_level":0.95,"lower_bound":-0.00006419629563647611,"upper_bound":0.01349567150361719},"point_estimate":0.007213066964389281,"standard_error":0.0035250464927644473}}