{"mean":{"confidence_interval":{"confidence_level":0.95,"lower_bound":0.008726361158965718,"upper_bound":0.012942908618058201},"point_estimate":0.010833314086332813,"standard_error":0.0010820525106157424},"median":{"confidence_interval":{"confidence_level":0.95,"lower_bound":0.009266714014786404,"upper_bound":0.014670955191466994},"point_estimate":0.011611520826186439,"standard_error":0.0013359343593189379}}