{"mean":{"confidence_interval":{"confidence_level":0.95,"lower_bound":0.04605065073624472,"upper_bound":0.05475147387765184},"point_estimate":0.05084037667846819,"standard_error":0.0022554623815070913},"median":{"confidence_interval":{"confidence_level":0.95,"lower_bound":0.0553630428088312,"upper_bound":0.056631776653236265},"point_estimate":0.05592780229728045,"standard_error":0.0003258528353779743}}