{"mean":{"confidence_interval":{"confidence_level":0.95,"lower_bound":93824.80260773022,"upper_bound":93931.41481452616},"point_estimate":93878.16986895444,"standard_error":27.013140383429494},"median":{"confidence_interval":{"confidence_level":0.95,"lower_bound":93810.11097359736,"upper_bound":93938.46171617162},"point_estimate":93882.95915841585,"standard_error":34.84122891455423},"median_abs_dev":{"confidence_interval":{"confidence_level":0.95,"lower_bound":51.27092488183414,"upper_bound":161.893959094357},"point_estimate":108.00471689442513,"standard_error":26.756247101941636},"slope":{"confidence_interval":{"confidence_level":0.95,"lower_bound":93751.50505025442,"upper_bound":93909.6185804113},"point_estimate":93832.8274019388,"standard_error":41.25777899536261},"std_dev":{"confidence_interval":{"confidence_level":0.95,"lower_bound":72.2757177345086,"upper_bound":165.49677188806004},"point_estimate":124.0678640142891,"standard_error":23.854078989369484}}