{"mean":{"confidence_interval":{"confidence_level":0.95,"lower_bound":0.00830242091045012,"upper_bound":0.010525622666613499},"point_estimate":0.009317782056142754,"standard_error":0.0005665203319439679},"median":{"confidence_interval":{"confidence_level":0.95,"lower_bound":0.00788600101348158,"upper_bound":0.010146799032142217},"point_estimate":0.009040406036856963,"standard_error":0.0006046518629868935}}