{"mean":{"confidence_interval":{"confidence_level":0.95,"lower_bound":0.04243098396879504,"upper_bound":0.04461333296797575},"point_estimate":0.043591239228579104,"standard_error":0.0005575297760723695},"median":{"confidence_interval":{"confidence_level":0.95,"lower_bound":0.042502672918706574,"upper_bound":0.04559796863309806},"point_estimate":0.043939096614061146,"standard_error":0.0007674420732147036}}