{"mean":{"confidence_interval":{"confidence_level":0.95,"lower_bound":-0.028868693702114125,"upper_bound":-0.02257128765498806},"point_estimate":-0.02532152341477556,"standard_error":0.0016236652389399375},"median":{"confidence_interval":{"confidence_level":0.95,"lower_bound":-0.025240927519690093,"upper_bound":-0.020625825240131748},"point_estimate":-0.022480089879164278,"standard_error":0.0011988922985413}}