{"mean":{"confidence_interval":{"confidence_level":0.95,"lower_bound":-0.01865155901590495,"upper_bound":-0.016675333898130376},"point_estimate":-0.017600676838597784,"standard_error":0.0005020355100282217},"median":{"confidence_interval":{"confidence_level":0.95,"lower_bound":-0.018035692020811678,"upper_bound":-0.016349303650878277},"point_estimate":-0.017315783200616552,"standard_error":0.0004566935359884651}}