{"mean":{"confidence_interval":{"confidence_level":0.95,"lower_bound":-0.049460021779647236,"upper_bound":-0.046982951953653845},"point_estimate":-0.048230261030617116,"standard_error":0.0006349689939004478},"median":{"confidence_interval":{"confidence_level":0.95,"lower_bound":-0.05010564498423198,"upper_bound":-0.04622531230256266},"point_estimate":-0.04895846453452235,"standard_error":0.0010234350956985323}}