{"mean":{"confidence_interval":{"confidence_level":0.95,"lower_bound":0.009465816627432089,"upper_bound":0.01884599241919327},"point_estimate":0.013469381943373326,"standard_error":0.002375795861178077},"median":{"confidence_interval":{"confidence_level":0.95,"lower_bound":0.0078264923165563,"upper_bound":0.015741159928576165},"point_estimate":0.011029888745556882,"standard_error":0.0022237371298479613}}