{"mean":{"confidence_interval":{"confidence_level":0.95,"lower_bound":0.015390586520863076,"upper_bound":0.019145159435732473},"point_estimate":0.01743213623164852,"standard_error":0.0009611604578753323},"median":{"confidence_interval":{"confidence_level":0.95,"lower_bound":0.01615700142337806,"upper_bound":0.019447887332327607},"point_estimate":0.018181525576259183,"standard_error":0.0007439337961719004}}