{"mean":{"confidence_interval":{"confidence_level":0.95,"lower_bound":-0.16803329700184375,"upper_bound":-0.028117830298799554},"point_estimate":-0.08976189956197034,"standard_error":0.037925874778463146},"median":{"confidence_interval":{"confidence_level":0.95,"lower_bound":-0.03208445914650504,"upper_bound":-0.027680893072157042},"point_estimate":-0.029446034427411227,"standard_error":0.001239417992339262}}