{"mean":{"confidence_interval":{"confidence_level":0.95,"lower_bound":-0.00488987787088548,"upper_bound":0.006128489073850674},"point_estimate":0.0006395472111686562,"standard_error":0.0028190945120013687},"median":{"confidence_interval":{"confidence_level":0.95,"lower_bound":-0.008132549446294823,"upper_bound":0.003190199178855435},"point_estimate":-0.0046978509864518125,"standard_error":0.0029390799001100384}}