{"mean":{"confidence_interval":{"confidence_level":0.95,"lower_bound":3480053.0915,"upper_bound":3491516.258208333},"point_estimate":3484464.0683333334,"standard_error":3094.645517844721},"median":{"confidence_interval":{"confidence_level":0.95,"lower_bound":3477852.9166666665,"upper_bound":3481131.333333333},"point_estimate":3478709.625,"standard_error":845.8435732342859},"median_abs_dev":{"confidence_interval":{"confidence_level":0.95,"lower_bound":2379.572957754135,"upper_bound":6802.662879228132},"point_estimate":3921.5387053785407,"standard_error":1130.6282974499893},"slope":null,"std_dev":{"confidence_interval":{"confidence_level":0.95,"lower_bound":4928.590681932018,"upper_bound":36401.65981183024},"point_estimate":22129.931978958663,"standard_error":10332.757140002423}}