{"mean":{"confidence_interval":{"confidence_level":0.95,"lower_bound":0.0419491230284126,"upper_bound":0.04761344952570737},"point_estimate":0.044749567025478276,"standard_error":0.0014372975423128217},"median":{"confidence_interval":{"confidence_level":0.95,"lower_bound":0.04216099762711445,"upper_bound":0.046967972378270106},"point_estimate":0.04539306395970599,"standard_error":0.0013285347318068403}}