{"mean":{"confidence_interval":{"confidence_level":0.95,"lower_bound":41.55992577504078,"upper_bound":41.639751605318324},"point_estimate":41.600390767127536,"standard_error":0.020405369086046597},"median":{"confidence_interval":{"confidence_level":0.95,"lower_bound":41.55323021698018,"upper_bound":41.661600149081174},"point_estimate":41.62411509649352,"standard_error":0.0319279168158004},"median_abs_dev":{"confidence_interval":{"confidence_level":0.95,"lower_bound":0.058911097780580506,"upper_bound":0.1675137149647898},"point_estimate":0.10783340297664189,"standard_error":0.02850166311936182},"slope":{"confidence_interval":{"confidence_level":0.95,"lower_bound":41.63972919266716,"upper_bound":41.69801793015697},"point_estimate":41.67110332495759,"standard_error":0.014776267141876886},"std_dev":{"confidence_interval":{"confidence_level":0.95,"lower_bound":0.08710695762343625,"upper_bound":0.13366540310283154},"point_estimate":0.11364369656620972,"standard_error":0.011873069511315185}}