{"mean":{"confidence_interval":{"confidence_level":0.95,"lower_bound":-0.005163484809189663,"upper_bound":0.006116359748351256},"point_estimate":0.000857671600871468,"standard_error":0.002864754094045316},"median":{"confidence_interval":{"confidence_level":0.95,"lower_bound":-0.0069785003752684815,"upper_bound":0.008973462992010184},"point_estimate":0.006047443338808023,"standard_error":0.004033447539320209}}