{"mean":{"confidence_interval":{"confidence_level":0.95,"lower_bound":8.402410624895474,"upper_bound":8.408637994265783},"point_estimate":8.405410482586593,"standard_error":0.001591150331666607},"median":{"confidence_interval":{"confidence_level":0.95,"lower_bound":8.400262608949237,"upper_bound":8.404479010276276},"point_estimate":8.402224613634132,"standard_error":0.001132759632806166},"median_abs_dev":{"confidence_interval":{"confidence_level":0.95,"lower_bound":0.003999411873976256,"upper_bound":0.01248840549289018},"point_estimate":0.007679475663217843,"standard_error":0.0022534165101871753},"slope":{"confidence_interval":{"confidence_level":0.95,"lower_bound":8.399187021455013,"upper_bound":8.405931836758734},"point_estimate":8.402458059009255,"standard_error":0.0017200225365534376},"std_dev":{"confidence_interval":{"confidence_level":0.95,"lower_bound":0.00822245425861296,"upper_bound":0.014090739144667316},"point_estimate":0.011304796383436252,"standard_error":0.0015148110943209786}}