{"mean":{"confidence_interval":{"confidence_level":0.95,"lower_bound":0.0012744755409496323,"upper_bound":0.0035870630683976657},"point_estimate":0.0024313407901603856,"standard_error":0.0005842233628840947},"median":{"confidence_interval":{"confidence_level":0.95,"lower_bound":0.0010408498758507356,"upper_bound":0.003864079234173312},"point_estimate":0.002654565627241867,"standard_error":0.0006846397397925645}}