{"mean":{"confidence_interval":{"confidence_level":0.95,"lower_bound":-0.005533240427160476,"upper_bound":-0.0008720582354261265},"point_estimate":-0.0030965115270841226,"standard_error":0.001196021940878005},"median":{"confidence_interval":{"confidence_level":0.95,"lower_bound":-0.004527282115465603,"upper_bound":0.00047479544771755755},"point_estimate":-0.001569316766485529,"standard_error":0.0012162272146399276}}