{"mean":{"confidence_interval":{"confidence_level":0.95,"lower_bound":0.002017781657624923,"upper_bound":0.005309451119271735},"point_estimate":0.0037064929950307857,"standard_error":0.0008325320179182776},"median":{"confidence_interval":{"confidence_level":0.95,"lower_bound":0.0014003394586479256,"upper_bound":0.005515159249425139},"point_estimate":0.003831256685169926,"standard_error":0.0010771307431536956}}