{"mean":{"confidence_interval":{"confidence_level":0.95,"lower_bound":0.025984484368266923,"upper_bound":0.04898364462826719},"point_estimate":0.03790217746254809,"standard_error":0.005889075907744069},"median":{"confidence_interval":{"confidence_level":0.95,"lower_bound":0.027512422493125344,"upper_bound":0.056470125935845106},"point_estimate":0.04720475670110824,"standard_error":0.008079847652476598}}