{"mean":{"confidence_interval":{"confidence_level":0.95,"lower_bound":-0.07834314575271695,"upper_bound":-0.07422331192753216},"point_estimate":-0.07630185430224601,"standard_error":0.001053390740414471},"median":{"confidence_interval":{"confidence_level":0.95,"lower_bound":-0.08020201903927777,"upper_bound":-0.07463987571903574},"point_estimate":-0.07818322708427194,"standard_error":0.001327111782771832}}