{"mean":{"confidence_interval":{"confidence_level":0.95,"lower_bound":-0.011660064011822823,"upper_bound":0.003061798840598784},"point_estimate":-0.0030098638563336166,"standard_error":0.0038812220472828098},"median":{"confidence_interval":{"confidence_level":0.95,"lower_bound":-0.00013926890685578286,"upper_bound":0.0052127711775171726},"point_estimate":0.001895622957448495,"standard_error":0.0011619256102422554}}