{"mean":{"confidence_interval":{"confidence_level":0.95,"lower_bound":0.0018722543904588274,"upper_bound":0.005616056530894934},"point_estimate":0.003652887243179581,"standard_error":0.0009502092848622254},"median":{"confidence_interval":{"confidence_level":0.95,"lower_bound":-0.00005272811080458961,"upper_bound":0.003308618326614443},"point_estimate":0.0020702903397025185,"standard_error":0.0007848538533729131}}