{"mean":{"confidence_interval":{"confidence_level":0.95,"lower_bound":7.7171068080311995,"upper_bound":7.723127114076112},"point_estimate":7.7200910416229185,"standard_error":0.0015310951984801647},"median":{"confidence_interval":{"confidence_level":0.95,"lower_bound":7.716983757948039,"upper_bound":7.72380862682197},"point_estimate":7.720815837048303,"standard_error":0.001982547029493036},"median_abs_dev":{"confidence_interval":{"confidence_level":0.95,"lower_bound":0.006742612585489706,"upper_bound":0.013431852846218189},"point_estimate":0.011547685729733788,"standard_error":0.0017086388571765979},"slope":{"confidence_interval":{"confidence_level":0.95,"lower_bound":7.718228828526499,"upper_bound":7.723093907687325},"point_estimate":7.720690802585424,"standard_error":0.0012444298045298466},"std_dev":{"confidence_interval":{"confidence_level":0.95,"lower_bound":0.008189589546088944,"upper_bound":0.013581639063924553},"point_estimate":0.010974963674236626,"standard_error":0.0013867537546167388}}