{"mean":{"confidence_interval":{"confidence_level":0.95,"lower_bound":-0.15823963766113774,"upper_bound":-0.03955631931794019},"point_estimate":-0.09752214422534089,"standard_error":0.030512535783507724},"median":{"confidence_interval":{"confidence_level":0.95,"lower_bound":-0.006648995150850712,"upper_bound":0.0018400205876243358},"point_estimate":-0.001709201650672565,"standard_error":0.0023271505600430302}}