{"mean":{"confidence_interval":{"confidence_level":0.95,"lower_bound":-0.09883655274784962,"upper_bound":-0.012263581930809238},"point_estimate":-0.05170990195266889,"standard_error":0.02231341100731855},"median":{"confidence_interval":{"confidence_level":0.95,"lower_bound":-0.016024325399191186,"upper_bound":0.00022906262274013933},"point_estimate":-0.007367694694978999,"standard_error":0.0041771159764205324}}