{"mean":{"confidence_interval":{"confidence_level":0.95,"lower_bound":71.14498306799652,"upper_bound":71.47421574799439},"point_estimate":71.30123980136895,"standard_error":0.0839626076875296},"median":{"confidence_interval":{"confidence_level":0.95,"lower_bound":71.06054806920048,"upper_bound":71.36159198074323},"point_estimate":71.2065684539962,"standard_error":0.08594706844323038},"median_abs_dev":{"confidence_interval":{"confidence_level":0.95,"lower_bound":0.28698942144919176,"upper_bound":0.6133975629961202},"point_estimate":0.4384761576958746,"standard_error":0.08471684220954788},"slope":{"confidence_interval":{"confidence_level":0.95,"lower_bound":70.93313613964747,"upper_bound":71.18118017479287},"point_estimate":71.05270734165525,"standard_error":0.06349507175430834},"std_dev":{"confidence_interval":{"confidence_level":0.95,"lower_bound":0.4090192137555186,"upper_bound":0.7567102915774072},"point_estimate":0.5991693022725247,"standard_error":0.08896206053253887}}