{"mean":{"confidence_interval":{"confidence_level":0.95,"lower_bound":0.005094513111622951,"upper_bound":0.0067652874264633785},"point_estimate":0.005938960198840215,"standard_error":0.0004274551282243965},"median":{"confidence_interval":{"confidence_level":0.95,"lower_bound":0.005023831606599138,"upper_bound":0.006512544206581428},"point_estimate":0.005694732364037058,"standard_error":0.0003549494697262685}}