{"mean":{"confidence_interval":{"confidence_level":0.95,"lower_bound":0.048746810473363635,"upper_bound":0.05129193970874383},"point_estimate":0.050053340014369896,"standard_error":0.0006479491069701026},"median":{"confidence_interval":{"confidence_level":0.95,"lower_bound":0.048455139694352445,"upper_bound":0.05168247061892828},"point_estimate":0.050663853499731015,"standard_error":0.0009715647991079495}}