{"mean":{"confidence_interval":{"confidence_level":0.95,"lower_bound":0.0016223304140792762,"upper_bound":0.0035053005383219203},"point_estimate":0.002542698939183463,"standard_error":0.00048232500194800716},"median":{"confidence_interval":{"confidence_level":0.95,"lower_bound":0.0008829504974261493,"upper_bound":0.0035279496460465243},"point_estimate":0.002097287544580828,"standard_error":0.000693517528519522}}