{"mean":{"confidence_interval":{"confidence_level":0.95,"lower_bound":-0.08952329778830004,"upper_bound":-0.04297070081964807},"point_estimate":-0.06355135707813975,"standard_error":0.011932186332795436},"median":{"confidence_interval":{"confidence_level":0.95,"lower_bound":-0.044774999799301995,"upper_bound":-0.04164238458792835},"point_estimate":-0.04363646132574883,"standard_error":0.0007789559976474306}}