{"mean":{"confidence_interval":{"confidence_level":0.95,"lower_bound":-0.009433119900444936,"upper_bound":-0.007980523382296467},"point_estimate":-0.008792629117079453,"standard_error":0.0003722098109744348},"median":{"confidence_interval":{"confidence_level":0.95,"lower_bound":-0.009793042276223685,"upper_bound":-0.00847052994842723},"point_estimate":-0.009118497933011782,"standard_error":0.0003294126038613005}}