{"mean":{"confidence_interval":{"confidence_level":0.95,"lower_bound":-0.0006679064648961063,"upper_bound":0.00031845473030921975},"point_estimate":-0.00018199570099164397,"standard_error":0.00025215356959034567},"median":{"confidence_interval":{"confidence_level":0.95,"lower_bound":-0.0006708541219557773,"upper_bound":0.0002979227285280217},"point_estimate":-0.00019566538633708497,"standard_error":0.00024142177309173762}}