{"mean":{"confidence_interval":{"confidence_level":0.95,"lower_bound":-0.018744566473974086,"upper_bound":-0.014301391747798287},"point_estimate":-0.016623520998887864,"standard_error":0.001139458918392416},"median":{"confidence_interval":{"confidence_level":0.95,"lower_bound":-0.019451127514269362,"upper_bound":-0.01553112582823013},"point_estimate":-0.017231406749800282,"standard_error":0.0009588166297101611}}