{"mean":{"confidence_interval":{"confidence_level":0.95,"lower_bound":-0.19196319347891183,"upper_bound":-0.009765649227234769},"point_estimate":-0.09639265330085267,"standard_error":0.04693424237444317},"median":{"confidence_interval":{"confidence_level":0.95,"lower_bound":-0.007274416570361764,"upper_bound":0.0006926851157587465},"point_estimate":-0.0026940122804065547,"standard_error":0.005648977593412817}}