{"mean":{"confidence_interval":{"confidence_level":0.95,"lower_bound":-0.04274439108007729,"upper_bound":-0.021027949463270575},"point_estimate":-0.030272138238533253,"standard_error":0.005641477716987916},"median":{"confidence_interval":{"confidence_level":0.95,"lower_bound":-0.024604317059061853,"upper_bound":-0.019576876293041168},"point_estimate":-0.02087553510765361,"standard_error":0.0013309394092770883}}