{"mean":{"confidence_interval":{"confidence_level":0.95,"lower_bound":1277.84993476707,"upper_bound":1281.310932302333},"point_estimate":1279.4822079210578,"standard_error":0.8842878183320846},"median":{"confidence_interval":{"confidence_level":0.95,"lower_bound":1277.1220068392845,"upper_bound":1280.7763096638919},"point_estimate":1278.1583239857919,"standard_error":0.9748566493437517},"median_abs_dev":{"confidence_interval":{"confidence_level":0.95,"lower_bound":1.2334904716513826,"upper_bound":5.566207110818532},"point_estimate":3.118498829304182,"standard_error":1.125097455640516},"slope":{"confidence_interval":{"confidence_level":0.95,"lower_bound":1277.9047134267296,"upper_bound":1281.0048489278622},"point_estimate":1279.4964632094443,"standard_error":0.7866725935241182},"std_dev":{"confidence_interval":{"confidence_level":0.95,"lower_bound":2.427483096469563,"upper_bound":5.157659002190835},"point_estimate":4.045485818246202,"standard_error":0.6988912838385779}}