{"mean":{"confidence_interval":{"confidence_level":0.95,"lower_bound":318.6784343246575,"upper_bound":320.57853686356066},"point_estimate":319.6121728821655,"standard_error":0.48476068760243995},"median":{"confidence_interval":{"confidence_level":0.95,"lower_bound":317.8875828250551,"upper_bound":321.9568159004216},"point_estimate":318.53192381047984,"standard_error":1.2957429844858905},"median_abs_dev":{"confidence_interval":{"confidence_level":0.95,"lower_bound":0.44288496232421914,"upper_bound":3.256016754692698},"point_estimate":1.8228389455876997,"standard_error":0.873967590978683},"slope":{"confidence_interval":{"confidence_level":0.95,"lower_bound":318.61362944690944,"upper_bound":320.8675828433333},"point_estimate":319.60156338569726,"standard_error":0.5768424361098111},"std_dev":{"confidence_interval":{"confidence_level":0.95,"lower_bound":1.780196829771883,"upper_bound":2.391993323846577},"point_estimate":2.2137467492404905,"standard_error":0.15489927599661096}}