{"mean":{"confidence_interval":{"confidence_level":0.95,"lower_bound":0.007533033226596004,"upper_bound":0.013774451720825852},"point_estimate":0.01062246214656426,"standard_error":0.00157188220037256},"median":{"confidence_interval":{"confidence_level":0.95,"lower_bound":0.008765886577441961,"upper_bound":0.01255233798286537},"point_estimate":0.010456545156110941,"standard_error":0.0009579942852021902}}