{"mean":{"confidence_interval":{"confidence_level":0.95,"lower_bound":-0.001325105531661621,"upper_bound":0.0005327007245668181},"point_estimate":-0.00038375711593863215,"standard_error":0.0004695987279841751},"median":{"confidence_interval":{"confidence_level":0.95,"lower_bound":-0.0013779843584348361,"upper_bound":0.0008727796199496929},"point_estimate":-0.00033819673244006587,"standard_error":0.0005700347221161788}}