{"mean":{"confidence_interval":{"confidence_level":0.95,"lower_bound":-0.004728424403432565,"upper_bound":-0.0011785678104120104},"point_estimate":-0.0028831389045504974,"standard_error":0.0009039642529597597},"median":{"confidence_interval":{"confidence_level":0.95,"lower_bound":-0.0024462419944250025,"upper_bound":-0.00009708850456013884},"point_estimate":-0.0012085369424452708,"standard_error":0.0005766106941469551}}