{"mean":{"confidence_interval":{"confidence_level":0.95,"lower_bound":-0.009073700279455402,"upper_bound":-0.005172082374054221},"point_estimate":-0.0073416701143339536,"standard_error":0.0010133077919113314},"median":{"confidence_interval":{"confidence_level":0.95,"lower_bound":-0.010197333233471162,"upper_bound":-0.006561727587956547},"point_estimate":-0.009090715008885475,"standard_error":0.0008753639277068984}}