{"mean":{"confidence_interval":{"confidence_level":0.95,"lower_bound":0.004176825167641263,"upper_bound":0.00842074165285273},"point_estimate":0.006354500441669408,"standard_error":0.0011155224954951988},"median":{"confidence_interval":{"confidence_level":0.95,"lower_bound":0.0034757969022907176,"upper_bound":0.007673592065328361},"point_estimate":0.005154790562700962,"standard_error":0.0011006844563865143}}