{"mean":{"confidence_interval":{"confidence_level":0.95,"lower_bound":160.4232921505411,"upper_bound":160.70868570618183},"point_estimate":160.5540906971261,"standard_error":0.07305393885979691},"median":{"confidence_interval":{"confidence_level":0.95,"lower_bound":160.41256605083004,"upper_bound":160.5688308274667},"point_estimate":160.46624451189228,"standard_error":0.05449031035481569},"median_abs_dev":{"confidence_interval":{"confidence_level":0.95,"lower_bound":0.12283038324317733,"upper_bound":0.4139377575003137},"point_estimate":0.1738732232854584,"standard_error":0.07537640869679513},"slope":{"confidence_interval":{"confidence_level":0.95,"lower_bound":160.36870229111656,"upper_bound":160.6415729226883},"point_estimate":160.47868807098843,"standard_error":0.07045412764434746},"std_dev":{"confidence_interval":{"confidence_level":0.95,"lower_bound":0.20892694807393183,"upper_bound":0.5530553749505712},"point_estimate":0.40682959148050074,"standard_error":0.08920034055677198}}