{"mean":{"confidence_interval":{"confidence_level":0.95,"lower_bound":0.004541046254900788,"upper_bound":0.010798985832350727},"point_estimate":0.00801192605282286,"standard_error":0.0016015957169175107},"median":{"confidence_interval":{"confidence_level":0.95,"lower_bound":0.006816578181442212,"upper_bound":0.01250614917349302},"point_estimate":0.010144749733601799,"standard_error":0.0013964465253069214}}