{"mean":{"confidence_interval":{"confidence_level":0.95,"lower_bound":0.021410868805284266,"upper_bound":0.02421596534713158},"point_estimate":0.022838891764511038,"standard_error":0.0007176384652943203},"median":{"confidence_interval":{"confidence_level":0.95,"lower_bound":0.021985862057103178,"upper_bound":0.024508272267790954},"point_estimate":0.023321698330901697,"standard_error":0.0006983282901659523}}