{"mean":{"confidence_interval":{"confidence_level":0.95,"lower_bound":-0.06115010496118666,"upper_bound":0.015302274267835762},"point_estimate":-0.018689789687598157,"standard_error":0.019847535592860094},"median":{"confidence_interval":{"confidence_level":0.95,"lower_bound":0.026652503462056738,"upper_bound":0.0298181804221207},"point_estimate":0.028280742844402962,"standard_error":0.0007722310527689635}}