{"mean":{"confidence_interval":{"confidence_level":0.95,"lower_bound":275.4556905769262,"upper_bound":282.89957004340266},"point_estimate":278.0110317491634,"standard_error":2.3372733807409616},"median":{"confidence_interval":{"confidence_level":0.95,"lower_bound":275.3069011529153,"upper_bound":275.90322728053474},"point_estimate":275.6633166483421,"standard_error":0.20093499383511937},"median_abs_dev":{"confidence_interval":{"confidence_level":0.95,"lower_bound":0.18254007372241382,"upper_bound":0.9096682086512788},"point_estimate":0.47814904022993165,"standard_error":0.183293066347814},"slope":{"confidence_interval":{"confidence_level":0.95,"lower_bound":275.54969763766036,"upper_bound":286.9603062718233},"point_estimate":279.0484655057104,"standard_error":3.2917490500125237},"std_dev":{"confidence_interval":{"confidence_level":0.95,"lower_bound":0.3776782622634372,"upper_bound":17.573574893852967},"point_estimate":10.7067186255136,"standard_error":6.255060025802682}}