{"mean":{"confidence_interval":{"confidence_level":0.95,"lower_bound":-0.033459359275904925,"upper_bound":-0.024903218757593857},"point_estimate":-0.02930879064299985,"standard_error":0.0021860421409552262},"median":{"confidence_interval":{"confidence_level":0.95,"lower_bound":-0.03792611498278564,"upper_bound":-0.025855329843690322},"point_estimate":-0.030484806872270953,"standard_error":0.003244386422879398}}