{"mean":{"confidence_interval":{"confidence_level":0.95,"lower_bound":6.02485354951734,"upper_bound":6.029082989137725},"point_estimate":6.026938204004623,"standard_error":0.0010821375193004795},"median":{"confidence_interval":{"confidence_level":0.95,"lower_bound":6.02356328817144,"upper_bound":6.0293818034884055},"point_estimate":6.026156794532248,"standard_error":0.0016206855951434295},"median_abs_dev":{"confidence_interval":{"confidence_level":0.95,"lower_bound":0.002380145773812639,"upper_bound":0.008256877649881594},"point_estimate":0.004942380714717882,"standard_error":0.0016088648302840596},"slope":{"confidence_interval":{"confidence_level":0.95,"lower_bound":6.025293032194683,"upper_bound":6.029397928790201},"point_estimate":6.027404626243426,"standard_error":0.001043953338674466},"std_dev":{"confidence_interval":{"confidence_level":0.95,"lower_bound":0.003649592671329155,"upper_bound":0.0058197487713110485},"point_estimate":0.004960623625998856,"standard_error":0.0005514319305860187}}