{"mean":{"confidence_interval":{"confidence_level":0.95,"lower_bound":-0.22618529225176598,"upper_bound":-0.0802781712262752},"point_estimate":-0.15483937955939342,"standard_error":0.037560856109993275},"median":{"confidence_interval":{"confidence_level":0.95,"lower_bound":-0.03304279620049111,"upper_bound":-0.027095115139162962},"point_estimate":-0.029737057416025614,"standard_error":0.007955441237430074}}