{"mean":{"confidence_interval":{"confidence_level":0.95,"lower_bound":-0.005450919571818319,"upper_bound":0.0011619101759521456},"point_estimate":-0.0022189582081755255,"standard_error":0.0016907269488117863},"median":{"confidence_interval":{"confidence_level":0.95,"lower_bound":-0.009949623312681455,"upper_bound":0.0003396461401252715},"point_estimate":-0.007665587025226017,"standard_error":0.002842224204286639}}