{"mean":{"confidence_interval":{"confidence_level":0.95,"lower_bound":-0.0048430827037044665,"upper_bound":0.009922288414483347},"point_estimate":0.0027035382905336025,"standard_error":0.003772076934145598},"median":{"confidence_interval":{"confidence_level":0.95,"lower_bound":-0.003935568554816471,"upper_bound":0.008451349414830611},"point_estimate":0.0010667611049894887,"standard_error":0.003064760437645545}}