{"mean":{"confidence_interval":{"confidence_level":0.95,"lower_bound":-0.0037618560003139455,"upper_bound":0.0005308710985387811},"point_estimate":-0.0014995951273515384,"standard_error":0.0010968411496541594},"median":{"confidence_interval":{"confidence_level":0.95,"lower_bound":-0.00019723253026071585,"upper_bound":0.0020434376147047896},"point_estimate":0.0012953736948195793,"standard_error":0.0005770389828703376}}