{"mean":{"confidence_interval":{"confidence_level":0.95,"lower_bound":0.0009660860697996322,"upper_bound":0.003421791369202609},"point_estimate":0.0020787813747715767,"standard_error":0.0006428276716588979},"median":{"confidence_interval":{"confidence_level":0.95,"lower_bound":0.0005389885969551145,"upper_bound":0.002711351387101546},"point_estimate":0.0012677770286202428,"standard_error":0.0005660192405217717}}