{"mean":{"confidence_interval":{"confidence_level":0.95,"lower_bound":-0.007691521364442912,"upper_bound":0.005196491617571095},"point_estimate":-0.0027020087428186734,"standard_error":0.0035899910246499824},"median":{"confidence_interval":{"confidence_level":0.95,"lower_bound":-0.008866911692413382,"upper_bound":-0.0031516370372823843},"point_estimate":-0.006465004433666155,"standard_error":0.0016555368315198196}}