{"mean":{"confidence_interval":{"confidence_level":0.95,"lower_bound":-0.059715861671865,"upper_bound":-0.05672144098119737},"point_estimate":-0.058179834473579994,"standard_error":0.0007654232600372619},"median":{"confidence_interval":{"confidence_level":0.95,"lower_bound":-0.05996439848285695,"upper_bound":-0.05572264955483908},"point_estimate":-0.057849366864232143,"standard_error":0.0010493460979571017}}