{"mean":{"confidence_interval":{"confidence_level":0.95,"lower_bound":-0.03901309654946975,"upper_bound":-0.033681766508823846},"point_estimate":-0.036426370400797214,"standard_error":0.0013682284078433507},"median":{"confidence_interval":{"confidence_level":0.95,"lower_bound":-0.03934051625874824,"upper_bound":-0.035933704019130874},"point_estimate":-0.03806230959005741,"standard_error":0.0008995667804009319}}