{"mean":{"confidence_interval":{"confidence_level":0.95,"lower_bound":6.3630713415074025,"upper_bound":6.367967957494161},"point_estimate":6.365538669806247,"standard_error":0.00124697939742779},"median":{"confidence_interval":{"confidence_level":0.95,"lower_bound":6.362876765936933,"upper_bound":6.369709654200012},"point_estimate":6.364876482142662,"standard_error":0.001955801163051216},"median_abs_dev":{"confidence_interval":{"confidence_level":0.95,"lower_bound":0.0057012605871122,"upper_bound":0.010675793161873257},"point_estimate":0.00890796623505462,"standard_error":0.0012578095126012012},"slope":{"confidence_interval":{"confidence_level":0.95,"lower_bound":6.365589496056226,"upper_bound":6.3690768463381815},"point_estimate":6.367318347104938,"standard_error":0.0008902209103500544},"std_dev":{"confidence_interval":{"confidence_level":0.95,"lower_bound":0.006476060477514402,"upper_bound":0.01115738092574676},"point_estimate":0.008910142081441712,"standard_error":0.0012036188272739653}}