{"mean":{"confidence_interval":{"confidence_level":0.95,"lower_bound":-0.0023225745686867214,"upper_bound":0.00995396928058875},"point_estimate":0.003998102292983363,"standard_error":0.003141966150632887},"median":{"confidence_interval":{"confidence_level":0.95,"lower_bound":-0.0020232605604627585,"upper_bound":0.012130925018688137},"point_estimate":0.0036976139179669687,"standard_error":0.003595042140575198}}