{"mean":{"confidence_interval":{"confidence_level":0.95,"lower_bound":0.003538562519076721,"upper_bound":0.007077544065905121},"point_estimate":0.005253963580088561,"standard_error":0.0009037253483410458},"median":{"confidence_interval":{"confidence_level":0.95,"lower_bound":0.0031275313891083734,"upper_bound":0.005883052615033302},"point_estimate":0.004379676625933637,"standard_error":0.0006694068009414162}}