{"mean":{"confidence_interval":{"confidence_level":0.95,"lower_bound":0.01736690421843055,"upper_bound":0.024179826804793216},"point_estimate":0.020579534913512054,"standard_error":0.0017317973691153726},"median":{"confidence_interval":{"confidence_level":0.95,"lower_bound":0.01562447056655114,"upper_bound":0.0234008034614277},"point_estimate":0.01925243197185278,"standard_error":0.0022431846313835805}}