{"mean":{"confidence_interval":{"confidence_level":0.95,"lower_bound":0.00215795605084117,"upper_bound":0.005528861820489844},"point_estimate":0.003906886400858678,"standard_error":0.0008671670006459279},"median":{"confidence_interval":{"confidence_level":0.95,"lower_bound":0.002064519268940801,"upper_bound":0.0066043668428514835},"point_estimate":0.004511132638398863,"standard_error":0.0010562344734128008}}