{"mean":{"confidence_interval":{"confidence_level":0.95,"lower_bound":0.04644054537277438,"upper_bound":0.051387149920097124},"point_estimate":0.0488799038213914,"standard_error":0.001265345234543895},"median":{"confidence_interval":{"confidence_level":0.95,"lower_bound":0.046791815841346285,"upper_bound":0.05138615450166095},"point_estimate":0.048441496379482585,"standard_error":0.0010604041271504421}}