{"mean":{"confidence_interval":{"confidence_level":0.95,"lower_bound":0.04503449120711934,"upper_bound":0.04950070980250762},"point_estimate":0.04733759333592591,"standard_error":0.0011377679923511791},"median":{"confidence_interval":{"confidence_level":0.95,"lower_bound":0.04470659821240841,"upper_bound":0.04969653937466045},"point_estimate":0.04683888754766952,"standard_error":0.0014776909010281133}}