{"mean":{"confidence_interval":{"confidence_level":0.95,"lower_bound":0.008283246371142578,"upper_bound":0.013911328791907573},"point_estimate":0.01109321746771208,"standard_error":0.001436930030897382},"median":{"confidence_interval":{"confidence_level":0.95,"lower_bound":0.009694346889098426,"upper_bound":0.015353676081864887},"point_estimate":0.01297562536551955,"standard_error":0.0014754013788386554}}