{"mean":{"confidence_interval":{"confidence_level":0.95,"lower_bound":0.04178123277278614,"upper_bound":0.04692354328404108},"point_estimate":0.04435575329800878,"standard_error":0.0012830946703922146},"median":{"confidence_interval":{"confidence_level":0.95,"lower_bound":0.04365151787772614,"upper_bound":0.044981200168904736},"point_estimate":0.044321903748502534,"standard_error":0.00031664884792804955}}