{"mean":{"confidence_interval":{"confidence_level":0.95,"lower_bound":-0.9969363546978122,"upper_bound":-0.9969271539854498},"point_estimate":-0.9969318990431147,"standard_error":2.346552613530298e-6},"median":{"confidence_interval":{"confidence_level":0.95,"lower_bound":-0.996938450365581,"upper_bound":-0.9969269744399537},"point_estimate":-0.9969348102118266,"standard_error":2.8493578993752297e-6}}