{"mean":{"confidence_interval":{"confidence_level":0.95,"lower_bound":2427.2551712942327,"upper_bound":2440.868436740005},"point_estimate":2433.2426940944533,"standard_error":3.5173925952572835},"median":{"confidence_interval":{"confidence_level":0.95,"lower_bound":2421.836877076412,"upper_bound":2430.4508274743102},"point_estimate":2424.8854378851124,"standard_error":1.9007290062541293},"median_abs_dev":{"confidence_interval":{"confidence_level":0.95,"lower_bound":4.642404227834549,"upper_bound":14.258278948687606},"point_estimate":8.221460145840773,"standard_error":2.5238886419375532},"slope":{"confidence_interval":{"confidence_level":0.95,"lower_bound":2425.787353927581,"upper_bound":2432.264282800776},"point_estimate":2428.982067153364,"standard_error":1.6491583108322883},"std_dev":{"confidence_interval":{"confidence_level":0.95,"lower_bound":9.648692487628521,"upper_bound":36.392728975111446},"point_estimate":25.17630214353303,"standard_error":6.941750909601071}}