{"mean":{"confidence_interval":{"confidence_level":0.95,"lower_bound":0.04089769017233043,"upper_bound":0.04869969839564095},"point_estimate":0.04482222864830687,"standard_error":0.0019886536061052363},"median":{"confidence_interval":{"confidence_level":0.95,"lower_bound":0.039527701564153084,"upper_bound":0.05056391128811932},"point_estimate":0.04697990429004584,"standard_error":0.002639868956845789}}