{"mean":{"confidence_interval":{"confidence_level":0.95,"lower_bound":0.0026911172882047806,"upper_bound":0.009263001851477276},"point_estimate":0.0059104399014762166,"standard_error":0.0016732267060919266},"median":{"confidence_interval":{"confidence_level":0.95,"lower_bound":0.004779894979380694,"upper_bound":0.007881849020180187},"point_estimate":0.006907981192374235,"standard_error":0.0007868148682749094}}