{"mean":{"confidence_interval":{"confidence_level":0.95,"lower_bound":0.05260355294181335,"upper_bound":0.05991889209455515},"point_estimate":0.05622639916463168,"standard_error":0.0018639407390827895},"median":{"confidence_interval":{"confidence_level":0.95,"lower_bound":0.05612221025657904,"upper_bound":0.06285871249850583},"point_estimate":0.060070562706115105,"standard_error":0.001825428758488886}}