{"mean":{"confidence_interval":{"confidence_level":0.95,"lower_bound":-0.0066642877059553815,"upper_bound":0.009963997415249904},"point_estimate":0.0010699317886542214,"standard_error":0.004216678990440808},"median":{"confidence_interval":{"confidence_level":0.95,"lower_bound":-0.012766576604345214,"upper_bound":0.003962433797708353},"point_estimate":-0.004458665695009967,"standard_error":0.005400970344718103}}