{"mean":{"confidence_interval":{"confidence_level":0.95,"lower_bound":0.03914015798156764,"upper_bound":0.056239127249316574},"point_estimate":0.047697755870881986,"standard_error":0.004357961088624191},"median":{"confidence_interval":{"confidence_level":0.95,"lower_bound":0.04210139806615798,"upper_bound":0.057257937703473205},"point_estimate":0.050143511811825636,"standard_error":0.003863868134621607}}