{"mean":{"confidence_interval":{"confidence_level":0.95,"lower_bound":0.028899457224523785,"upper_bound":0.03218382123255304},"point_estimate":0.030714039081021438,"standard_error":0.0008395958245080692},"median":{"confidence_interval":{"confidence_level":0.95,"lower_bound":0.030675169699146417,"upper_bound":0.033187397380505246},"point_estimate":0.03231825557512513,"standard_error":0.0006112065642804319}}