{"mean":{"confidence_interval":{"confidence_level":0.95,"lower_bound":2830947.3717699824,"upper_bound":2835673.975959322},"point_estimate":2832977.3411412905,"standard_error":1218.1197628923212},"median":{"confidence_interval":{"confidence_level":0.95,"lower_bound":2830171.7416666667,"upper_bound":2832668.3333333335},"point_estimate":2831262.3049768517,"standard_error":650.2876776208263},"median_abs_dev":{"confidence_interval":{"confidence_level":0.95,"lower_bound":2369.297164966751,"upper_bound":5005.522261134314},"point_estimate":3029.5451048953364,"standard_error":760.4148333405496},"slope":{"confidence_interval":{"confidence_level":0.95,"lower_bound":2829905.1592854215,"upper_bound":2831852.1669145618},"point_estimate":2830857.9291089107,"standard_error":496.3237677512254},"std_dev":{"confidence_interval":{"confidence_level":0.95,"lower_bound":3379.9780074421287,"upper_bound":13232.225691568494},"point_estimate":8697.220314574504,"standard_error":2709.991585018843}}