{"mean":{"confidence_interval":{"confidence_level":0.95,"lower_bound":-0.005828620494845873,"upper_bound":0.00021439337379728336},"point_estimate":-0.0029510993329506796,"standard_error":0.001546174424043994},"median":{"confidence_interval":{"confidence_level":0.95,"lower_bound":-0.008246559603460324,"upper_bound":-0.0005635098885617973},"point_estimate":-0.003964431975506444,"standard_error":0.002025902758984708}}