{"mean":{"confidence_interval":{"confidence_level":0.95,"lower_bound":-0.0055150113289547855,"upper_bound":-0.0035647197722995104},"point_estimate":-0.004543397349287104,"standard_error":0.0004974319895232537},"median":{"confidence_interval":{"confidence_level":0.95,"lower_bound":-0.005928964869676312,"upper_bound":-0.0036236823251013517},"point_estimate":-0.004870147664391866,"standard_error":0.0006255083206193548}}