{"mean":{"confidence_interval":{"confidence_level":0.95,"lower_bound":-0.005127732830232298,"upper_bound":-0.0016028175374054117},"point_estimate":-0.003189341976065796,"standard_error":0.0008992370482281671},"median":{"confidence_interval":{"confidence_level":0.95,"lower_bound":-0.003825564909457402,"upper_bound":-0.0020714297084328814},"point_estimate":-0.0029367421639808766,"standard_error":0.0004585437174551681}}