{"mean":{"confidence_interval":{"confidence_level":0.95,"lower_bound":0.09368830946601085,"upper_bound":0.10418128232778093},"point_estimate":0.09846927405819894,"standard_error":0.002706245738807409},"median":{"confidence_interval":{"confidence_level":0.95,"lower_bound":0.09401411847124619,"upper_bound":0.09914530541505395},"point_estimate":0.09587802485294361,"standard_error":0.001345915980106984}}