{"mean":{"confidence_interval":{"confidence_level":0.95,"lower_bound":-0.02612837893124477,"upper_bound":0.15517863453681704},"point_estimate":0.05105172555917803,"standard_error":0.04997737607096512},"median":{"confidence_interval":{"confidence_level":0.95,"lower_bound":-0.011889688107990515,"upper_bound":-0.005642999019138895},"point_estimate":-0.00805744643474382,"standard_error":0.0017037697601865085}}