{"mean":{"confidence_interval":{"confidence_level":0.95,"lower_bound":-0.00013745504138026567,"upper_bound":0.004865650267915272},"point_estimate":0.002311093879218795,"standard_error":0.0012772252024303248},"median":{"confidence_interval":{"confidence_level":0.95,"lower_bound":-0.0022267406762037645,"upper_bound":0.006547121095597408},"point_estimate":0.0037326126415440086,"standard_error":0.0023827246256326487}}