{"mean":{"confidence_interval":{"confidence_level":0.95,"lower_bound":0.023346225176517084,"upper_bound":0.025863134131345732},"point_estimate":0.02459015591777791,"standard_error":0.0006428121270720033},"median":{"confidence_interval":{"confidence_level":0.95,"lower_bound":0.02359743819759222,"upper_bound":0.028337606286802597},"point_estimate":0.02623664674137749,"standard_error":0.0012533339305952865}}