{"mean":{"confidence_interval":{"confidence_level":0.95,"lower_bound":319894319.519,"upper_bound":320204650.9415},"point_estimate":320042613.16,"standard_error":79084.11813195176},"median":{"confidence_interval":{"confidence_level":0.95,"lower_bound":319828359.0,"upper_bound":320108221.0},"point_estimate":319940099.5,"standard_error":78872.03549227593},"median_abs_dev":{"confidence_interval":{"confidence_level":0.95,"lower_bound":305062.7357840538,"upper_bound":608762.2208923101},"point_estimate":500590.98551273346,"standard_error":76196.03595171936},"slope":null,"std_dev":{"confidence_interval":{"confidence_level":0.95,"lower_bound":399511.5557047468,"upper_bound":713785.1424057836},"point_estimate":564719.3428572795,"standard_error":81039.68197724059}}