{"mean":{"confidence_interval":{"confidence_level":0.95,"lower_bound":-0.001831643952499512,"upper_bound":0.000992675670153912},"point_estimate":-0.0003707633130095589,"standard_error":0.0007235284243339229},"median":{"confidence_interval":{"confidence_level":0.95,"lower_bound":-0.0006050843051528254,"upper_bound":0.0029136254084496382},"point_estimate":0.0020523659524536164,"standard_error":0.0009142470713427698}}