{"mean":{"confidence_interval":{"confidence_level":0.95,"lower_bound":1000.2827340837199,"upper_bound":1003.801868744693},"point_estimate":1002.045685857504,"standard_error":0.9014711825676827},"median":{"confidence_interval":{"confidence_level":0.95,"lower_bound":999.444852578988,"upper_bound":1004.59505664626},"point_estimate":1001.8557684188305,"standard_error":1.53735195236695},"median_abs_dev":{"confidence_interval":{"confidence_level":0.95,"lower_bound":2.0206280029698562,"upper_bound":6.587305004825772},"point_estimate":4.485646457077368,"standard_error":1.1902425290782304},"slope":{"confidence_interval":{"confidence_level":0.95,"lower_bound":1001.6740257723573,"upper_bound":1004.958138777727},"point_estimate":1003.2804012301409,"standard_error":0.8325200313757952},"std_dev":{"confidence_interval":{"confidence_level":0.95,"lower_bound":3.0067317606724946,"upper_bound":4.965478276246117},"point_estimate":4.137854080184869,"standard_error":0.5001804063691855}}