{"mean":{"confidence_interval":{"confidence_level":0.95,"lower_bound":-0.0007654082691071868,"upper_bound":0.004005426681235084},"point_estimate":0.0012953612129689152,"standard_error":0.0012098043117901383},"median":{"confidence_interval":{"confidence_level":0.95,"lower_bound":-0.0005228197475404261,"upper_bound":0.0004337899133894929},"point_estimate":-0.00005618438423338201,"standard_error":0.0002356232669910007}}