{"mean":{"confidence_interval":{"confidence_level":0.95,"lower_bound":0.006645764327842951,"upper_bound":0.009171812738806573},"point_estimate":0.007969162895344661,"standard_error":0.0006490246139748398},"median":{"confidence_interval":{"confidence_level":0.95,"lower_bound":0.007142470589704075,"upper_bound":0.009680347297923922},"point_estimate":0.008262270836151941,"standard_error":0.000623474511774598}}