{"mean":{"confidence_interval":{"confidence_level":0.95,"lower_bound":-0.008807616120011002,"upper_bound":-0.0038291937086649803},"point_estimate":-0.006346272028732947,"standard_error":0.001270773557066374},"median":{"confidence_interval":{"confidence_level":0.95,"lower_bound":-0.009528479675836365,"upper_bound":-0.004158939828765251},"point_estimate":-0.006846855771769689,"standard_error":0.0012910378373102304}}