{"mean":{"confidence_interval":{"confidence_level":0.95,"lower_bound":0.05516830601960296,"upper_bound":0.06130681579266481},"point_estimate":0.058148401432317476,"standard_error":0.0014892356420927947},"median":{"confidence_interval":{"confidence_level":0.95,"lower_bound":0.057380187943823824,"upper_bound":0.05847062548143933},"point_estimate":0.057903301895462445,"standard_error":0.00029033060147621464}}