{"mean":{"confidence_interval":{"confidence_level":0.95,"lower_bound":-0.11450845148701966,"upper_bound":-0.023537513640315526},"point_estimate":-0.06536099054211097,"standard_error":0.02344467094777441},"median":{"confidence_interval":{"confidence_level":0.95,"lower_bound":-0.017586184413784345,"upper_bound":-0.005787467225508158},"point_estimate":-0.013945951136014711,"standard_error":0.0031922767621473734}}