{"mean":{"confidence_interval":{"confidence_level":0.95,"lower_bound":-0.008289466512397755,"upper_bound":-0.0038102666820202338},"point_estimate":-0.005817118686790135,"standard_error":0.0011475432130678264},"median":{"confidence_interval":{"confidence_level":0.95,"lower_bound":-0.0038636103165446967,"upper_bound":-0.0017503429869774045},"point_estimate":-0.0023495248956322268,"standard_error":0.00052385463101912}}