{"mean":{"confidence_interval":{"confidence_level":0.95,"lower_bound":0.014598725896293152,"upper_bound":0.018042678433335707},"point_estimate":0.016333985223656144,"standard_error":0.0008831182482358502},"median":{"confidence_interval":{"confidence_level":0.95,"lower_bound":0.01591906242438479,"upper_bound":0.018536388277882176},"point_estimate":0.01729173617793367,"standard_error":0.0006242431302498003}}