{"mean":{"confidence_interval":{"confidence_level":0.95,"lower_bound":0.002047368109622825,"upper_bound":0.010540983558549398},"point_estimate":0.00647987391391136,"standard_error":0.002171518307116788},"median":{"confidence_interval":{"confidence_level":0.95,"lower_bound":0.0030685889209953743,"upper_bound":0.015150423164613347},"point_estimate":0.014103326198762423,"standard_error":0.003632913167632978}}