{"mean":{"confidence_interval":{"confidence_level":0.95,"lower_bound":101.37564183499336,"upper_bound":102.37426516181472},"point_estimate":101.853715425226,"standard_error":0.25587988310265886},"median":{"confidence_interval":{"confidence_level":0.95,"lower_bound":101.30877640134796,"upper_bound":101.94346860316105},"point_estimate":101.59925449782648,"standard_error":0.17844753885521256},"median_abs_dev":{"confidence_interval":{"confidence_level":0.95,"lower_bound":0.3277241537289344,"upper_bound":1.6230122329771568},"point_estimate":0.5588390359803408,"standard_error":0.341009485289317},"slope":{"confidence_interval":{"confidence_level":0.95,"lower_bound":101.24017900897721,"upper_bound":102.07730966498904},"point_estimate":101.60135711383354,"standard_error":0.21572234939493704},"std_dev":{"confidence_interval":{"confidence_level":0.95,"lower_bound":0.6894257690450736,"upper_bound":1.4893797300384313},"point_estimate":1.1764746335000087,"standard_error":0.20277696393808828}}