{"mean":{"confidence_interval":{"confidence_level":0.95,"lower_bound":0.010528398211233343,"upper_bound":0.026352896121650607},"point_estimate":0.016517515165042296,"standard_error":0.004523071732280621},"median":{"confidence_interval":{"confidence_level":0.95,"lower_bound":0.009694393663125078,"upper_bound":0.011329504426417447},"point_estimate":0.010557088655708702,"standard_error":0.0004184499306846665}}