{"mean":{"confidence_interval":{"confidence_level":0.95,"lower_bound":-0.9997484572612825,"upper_bound":-0.9997478335476108},"point_estimate":-0.999748126745223,"standard_error":1.5921958996264957e-7},"median":{"confidence_interval":{"confidence_level":0.95,"lower_bound":-0.9997485246470379,"upper_bound":-0.9997476314915573},"point_estimate":-0.9997481749531781,"standard_error":2.2203882614380465e-7}}