{"mean":{"confidence_interval":{"confidence_level":0.95,"lower_bound":0.034295884228637455,"upper_bound":0.03840874317283521},"point_estimate":0.03631786459803621,"standard_error":0.0010317790787575725},"median":{"confidence_interval":{"confidence_level":0.95,"lower_bound":0.03281786907658413,"upper_bound":0.03549507666139817},"point_estimate":0.033601051286691996,"standard_error":0.0007475552571730619}}