{"mean":{"confidence_interval":{"confidence_level":0.95,"lower_bound":364.0022628437436,"upper_bound":364.3876254326045},"point_estimate":364.19677994931095,"standard_error":0.09825163700502486},"median":{"confidence_interval":{"confidence_level":0.95,"lower_bound":363.8931988188754,"upper_bound":364.46556856672925},"point_estimate":364.20292126738724,"standard_error":0.15526199580867936},"median_abs_dev":{"confidence_interval":{"confidence_level":0.95,"lower_bound":0.22707537715690565,"upper_bound":0.7022943152117553},"point_estimate":0.48264218004758414,"standard_error":0.11720436861163631},"slope":{"confidence_interval":{"confidence_level":0.95,"lower_bound":363.87017331997623,"upper_bound":364.33279288789294},"point_estimate":364.1113452057438,"standard_error":0.11862750915481964},"std_dev":{"confidence_interval":{"confidence_level":0.95,"lower_bound":0.3156853526961504,"upper_bound":0.5546268602150701},"point_estimate":0.449898166205746,"standard_error":0.061345133549133506}}