{"mean":{"confidence_interval":{"confidence_level":0.95,"lower_bound":-0.022115821978566205,"upper_bound":-0.018414767967018464},"point_estimate":-0.020117950749116376,"standard_error":0.0009441565316224526},"median":{"confidence_interval":{"confidence_level":0.95,"lower_bound":-0.022008023388047637,"upper_bound":-0.0179747931337626},"point_estimate":-0.019366510307616047,"standard_error":0.000967775078530254}}