{"mean":{"confidence_interval":{"confidence_level":0.95,"lower_bound":13.469503410970852,"upper_bound":13.474744338069529},"point_estimate":13.472111173081364,"standard_error":0.0013360847313378824},"median":{"confidence_interval":{"confidence_level":0.95,"lower_bound":13.468967478501515,"upper_bound":13.473612906456564},"point_estimate":13.472058249782103,"standard_error":0.0011697937151351314},"median_abs_dev":{"confidence_interval":{"confidence_level":0.95,"lower_bound":0.001755096107177469,"upper_bound":0.008503072321466156},"point_estimate":0.004895448017487424,"standard_error":0.0018451378891115682},"slope":{"confidence_interval":{"confidence_level":0.95,"lower_bound":13.4703038099781,"upper_bound":13.4773387884684},"point_estimate":13.473706556530441,"standard_error":0.0018079987300198739},"std_dev":{"confidence_interval":{"confidence_level":0.95,"lower_bound":0.0036649937075500967,"upper_bound":0.008011171418626735},"point_estimate":0.006111230121617199,"standard_error":0.0011086792646867257}}