{"mean":{"confidence_interval":{"confidence_level":0.95,"lower_bound":-0.00022239203462859607,"upper_bound":0.008932409224507904},"point_estimate":0.0032955076151421903,"standard_error":0.0023360205711699866},"median":{"confidence_interval":{"confidence_level":0.95,"lower_bound":0.0006138152821786313,"upper_bound":0.003840102756165864},"point_estimate":0.0021670752464777454,"standard_error":0.0008086694870693636}}