{"mean":{"confidence_interval":{"confidence_level":0.95,"lower_bound":-0.04471497388251476,"upper_bound":-0.03869615036149456},"point_estimate":-0.04152539987340309,"standard_error":0.0015409148810656573},"median":{"confidence_interval":{"confidence_level":0.95,"lower_bound":-0.043518286343463775,"upper_bound":-0.036258495967194104},"point_estimate":-0.040916930873013624,"standard_error":0.0020029550289685357}}