{"mean":{"confidence_interval":{"confidence_level":0.95,"lower_bound":0.008358508784161667,"upper_bound":0.015222364185846327},"point_estimate":0.011656987648839712,"standard_error":0.0017655635279567362},"median":{"confidence_interval":{"confidence_level":0.95,"lower_bound":0.008695577864358706,"upper_bound":0.013404503616319507},"point_estimate":0.010637718334802315,"standard_error":0.0011356292196910173}}