{"mean":{"confidence_interval":{"confidence_level":0.95,"lower_bound":-0.03035821087304576,"upper_bound":-0.026780322390384057},"point_estimate":-0.028573240835205294,"standard_error":0.0009174812738071298},"median":{"confidence_interval":{"confidence_level":0.95,"lower_bound":-0.030105931153003862,"upper_bound":-0.02711753146628826},"point_estimate":-0.028395516772467877,"standard_error":0.0007931735293435747}}