{"mean":{"confidence_interval":{"confidence_level":0.95,"lower_bound":0.036182308671619146,"upper_bound":0.04164558076829365},"point_estimate":0.03921354942739064,"standard_error":0.00139648396944813},"median":{"confidence_interval":{"confidence_level":0.95,"lower_bound":0.040888135250188466,"upper_bound":0.042219387953407184},"point_estimate":0.04146869657417507,"standard_error":0.0003487035732615306}}