{"mean":{"confidence_interval":{"confidence_level":0.95,"lower_bound":45366232.459,"upper_bound":45434982.001499996},"point_estimate":45399338.5,"standard_error":17521.701973501622},"median":{"confidence_interval":{"confidence_level":0.95,"lower_bound":45344670.0,"upper_bound":45428851.0},"point_estimate":45391990.5,"standard_error":20146.405005244582},"median_abs_dev":{"confidence_interval":{"confidence_level":0.95,"lower_bound":71730.41062653065,"upper_bound":147430.48268258572},"point_estimate":107400.28339326382,"standard_error":17968.041854315332},"slope":null,"std_dev":{"confidence_interval":{"confidence_level":0.95,"lower_bound":91202.95195976128,"upper_bound":156497.90504519732},"point_estimate":124993.32781821367,"standard_error":16892.22760545925}}