{"mean":{"confidence_interval":{"confidence_level":0.95,"lower_bound":0.0005774685224810452,"upper_bound":0.002835674996961021},"point_estimate":0.0016571683296229267,"standard_error":0.0005743021772468033},"median":{"confidence_interval":{"confidence_level":0.95,"lower_bound":0.00037724860977794705,"upper_bound":0.0020981273497877595},"point_estimate":0.0012934429515312207,"standard_error":0.0004419449882493862}}