{"mean":{"confidence_interval":{"confidence_level":0.95,"lower_bound":-0.007577991259434015,"upper_bound":0.004463238516511536},"point_estimate":-0.000018685403734952644,"standard_error":0.003478022923239742},"median":{"confidence_interval":{"confidence_level":0.95,"lower_bound":0.0011914909983530286,"upper_bound":0.005133704087204816},"point_estimate":0.00328666182667825,"standard_error":0.000981868777662037}}