{"mean":{"confidence_interval":{"confidence_level":0.95,"lower_bound":0.021817846273267296,"upper_bound":0.030472034323611695},"point_estimate":0.02618019208641753,"standard_error":0.002209578181868323},"median":{"confidence_interval":{"confidence_level":0.95,"lower_bound":0.018821013391674857,"upper_bound":0.03496358474397021},"point_estimate":0.024135700817752737,"standard_error":0.0043372071370606285}}