{"mean":{"confidence_interval":{"confidence_level":0.95,"lower_bound":18.790636763332003,"upper_bound":18.877925051648564},"point_estimate":18.82999121364377,"standard_error":0.02239739641040737},"median":{"confidence_interval":{"confidence_level":0.95,"lower_bound":18.758080153375605,"upper_bound":18.777839192215705},"point_estimate":18.76668387086449,"standard_error":0.005158486351099416},"median_abs_dev":{"confidence_interval":{"confidence_level":0.95,"lower_bound":0.014190945534621946,"upper_bound":0.05449106120176212},"point_estimate":0.028242090777444235,"standard_error":0.009743806063667973},"slope":{"confidence_interval":{"confidence_level":0.95,"lower_bound":18.80431002900047,"upper_bound":18.95717714035031},"point_estimate":18.86946064675541,"standard_error":0.039949406573036486},"std_dev":{"confidence_interval":{"confidence_level":0.95,"lower_bound":0.0831955109315837,"upper_bound":0.22712111244065453},"point_estimate":0.16022250287290285,"standard_error":0.03804640510559413}}