{"mean":{"confidence_interval":{"confidence_level":0.95,"lower_bound":-0.007364182644931543,"upper_bound":-0.003707503401678408},"point_estimate":-0.005391697544800733,"standard_error":0.0009345098462062474},"median":{"confidence_interval":{"confidence_level":0.95,"lower_bound":-0.0041387796368723695,"upper_bound":-0.0023823409834861087},"point_estimate":-0.0027809466226982327,"standard_error":0.00046352596512086057}}