{"mean":{"confidence_interval":{"confidence_level":0.95,"lower_bound":0.0005296190119356897,"upper_bound":0.0056264016480732865},"point_estimate":0.0027114528629772483,"standard_error":0.001343106965562159},"median":{"confidence_interval":{"confidence_level":0.95,"lower_bound":0.00043872511148723703,"upper_bound":0.0020629236145426355},"point_estimate":0.001355384087643463,"standard_error":0.00041358881346325715}}