{"mean":{"confidence_interval":{"confidence_level":0.95,"lower_bound":-0.10500368926812552,"upper_bound":-0.0011108722478674715},"point_estimate":-0.048191034429370116,"standard_error":0.02635739049514324},"median":{"confidence_interval":{"confidence_level":0.95,"lower_bound":-0.004122620731444981,"upper_bound":0.0010979113506515148},"point_estimate":-0.0014346853448878871,"standard_error":0.0021349343943673042}}