{"mean":{"confidence_interval":{"confidence_level":0.95,"lower_bound":-0.005141178710834592,"upper_bound":0.0019570753844924127},"point_estimate":-0.0016159884397045632,"standard_error":0.0018033098234945756},"median":{"confidence_interval":{"confidence_level":0.95,"lower_bound":-0.003616745724449144,"upper_bound":0.00040977442352426775},"point_estimate":-0.0016759448594283466,"standard_error":0.0010067692790167433}}