{"mean":{"confidence_interval":{"confidence_level":0.95,"lower_bound":-0.01927018442531395,"upper_bound":-0.015232795814023979},"point_estimate":-0.01728021631310217,"standard_error":0.0010356915663550564},"median":{"confidence_interval":{"confidence_level":0.95,"lower_bound":-0.01883629867942649,"upper_bound":-0.01532082065969298},"point_estimate":-0.016926481608211752,"standard_error":0.0008821218977209761}}