{"mean":{"confidence_interval":{"confidence_level":0.95,"lower_bound":-0.008447999959561414,"upper_bound":-0.002125920974594715},"point_estimate":-0.0051755186105695294,"standard_error":0.0015977794455370286},"median":{"confidence_interval":{"confidence_level":0.95,"lower_bound":-0.00827254701442448,"upper_bound":-0.0009646039303305987},"point_estimate":-0.004878987485221975,"standard_error":0.0019627542617584987}}