{"mean":{"confidence_interval":{"confidence_level":0.95,"lower_bound":-0.008623106178441505,"upper_bound":-0.0032541738359157437},"point_estimate":-0.0056848036352513676,"standard_error":0.0013802117451482028},"median":{"confidence_interval":{"confidence_level":0.95,"lower_bound":-0.007130188336821552,"upper_bound":-0.0019044536419106084},"point_estimate":-0.004902622488176189,"standard_error":0.0015103492534033144}}