{"mean":{"confidence_interval":{"confidence_level":0.95,"lower_bound":-0.0018908933931412269,"upper_bound":-0.0006908939637015778},"point_estimate":-0.0012977571003522925,"standard_error":0.0003057313732640601},"median":{"confidence_interval":{"confidence_level":0.95,"lower_bound":-0.0020464086499119016,"upper_bound":-0.0008401736148271333},"point_estimate":-0.001415170533036414,"standard_error":0.0002956647402395342}}