{"mean":{"confidence_interval":{"confidence_level":0.95,"lower_bound":41.80644906385787,"upper_bound":41.943038870053265},"point_estimate":41.877172981975846,"standard_error":0.034747187687688745},"median":{"confidence_interval":{"confidence_level":0.95,"lower_bound":41.82742231182161,"upper_bound":41.93846952470799},"point_estimate":41.88433387009602,"standard_error":0.032225722749347346},"median_abs_dev":{"confidence_interval":{"confidence_level":0.95,"lower_bound":0.08489177451100165,"upper_bound":0.20465658224564184},"point_estimate":0.1528582580544975,"standard_error":0.031950080603129226},"slope":{"confidence_interval":{"confidence_level":0.95,"lower_bound":41.84833706776479,"upper_bound":41.94512994932972},"point_estimate":41.898645214274744,"standard_error":0.024817752724420678},"std_dev":{"confidence_interval":{"confidence_level":0.95,"lower_bound":0.1113880862486114,"upper_bound":0.2645649852877162},"point_estimate":0.19336824163350633,"standard_error":0.04004976382256102}}