{"mean":{"confidence_interval":{"confidence_level":0.95,"lower_bound":-0.002021362620891401,"upper_bound":-0.00015008858692655867},"point_estimate":-0.0010279904323510225,"standard_error":0.0004757469964750846},"median":{"confidence_interval":{"confidence_level":0.95,"lower_bound":-0.001201852297919026,"upper_bound":0.0005439364499844057},"point_estimate":-0.00034226994320862847,"standard_error":0.00043333506816263414}}