{"mean":{"confidence_interval":{"confidence_level":0.95,"lower_bound":-0.009210418621572214,"upper_bound":-0.0048529265197285384},"point_estimate":-0.007027812129586808,"standard_error":0.001104068804719206},"median":{"confidence_interval":{"confidence_level":0.95,"lower_bound":-0.009313868607421116,"upper_bound":-0.004255225625680481},"point_estimate":-0.0073027941030512356,"standard_error":0.001277709583847132}}