{"mean":{"confidence_interval":{"confidence_level":0.95,"lower_bound":0.008626146468194318,"upper_bound":0.010659843205283785},"point_estimate":0.009589904348012546,"standard_error":0.0005145458810102415},"median":{"confidence_interval":{"confidence_level":0.95,"lower_bound":0.008518651028605467,"upper_bound":0.009974842343672297},"point_estimate":0.00914883285725665,"standard_error":0.0004097513275550089}}