{"mean":{"confidence_interval":{"confidence_level":0.95,"lower_bound":0.011440166517281348,"upper_bound":0.013710629814933938},"point_estimate":0.012374769011243458,"standard_error":0.0005929998158677933},"median":{"confidence_interval":{"confidence_level":0.95,"lower_bound":0.010898166930257025,"upper_bound":0.012766368604002709},"point_estimate":0.01207044176466665,"standard_error":0.0006095917245778018}}