{"mean":{"confidence_interval":{"confidence_level":0.95,"lower_bound":0.03740550649406263,"upper_bound":0.046432729925349664},"point_estimate":0.042023574372453965,"standard_error":0.0022829848255354035},"median":{"confidence_interval":{"confidence_level":0.95,"lower_bound":0.037631760655755464,"upper_bound":0.04732530015586842},"point_estimate":0.0426111177950419,"standard_error":0.0024055585393630684}}