{"mean":{"confidence_interval":{"confidence_level":0.95,"lower_bound":-0.009047364880509489,"upper_bound":0.000014203038994608735},"point_estimate":-0.0048686366692746175,"standard_error":0.0023066749524404614},"median":{"confidence_interval":{"confidence_level":0.95,"lower_bound":-0.011296985817085381,"upper_bound":-0.0015693822114484224},"point_estimate":-0.006122897939330518,"standard_error":0.0025461091376337737}}