{"mean":{"confidence_interval":{"confidence_level":0.95,"lower_bound":326725610.38,"upper_bound":327967430.49899995},"point_estimate":327179337.18,"standard_error":356360.2126099727},"median":{"confidence_interval":{"confidence_level":0.95,"lower_bound":326633516.5,"upper_bound":326902579.0},"point_estimate":326775898.5,"standard_error":75668.61144930383},"median_abs_dev":{"confidence_interval":{"confidence_level":0.95,"lower_bound":245432.56484270096,"upper_bound":617389.4701391459},"point_estimate":391795.5755442381,"standard_error":88736.55351391285},"slope":null,"std_dev":{"confidence_interval":{"confidence_level":0.95,"lower_bound":388909.509461005,"upper_bound":4301998.702728208},"point_estimate":2557542.5733774663,"standard_error":1361968.5685614068}}