{"mean":{"confidence_interval":{"confidence_level":0.95,"lower_bound":-0.13983460630238803,"upper_bound":-0.029501426058954946},"point_estimate":-0.08236720282905086,"standard_error":0.02834296363200068},"median":{"confidence_interval":{"confidence_level":0.95,"lower_bound":-0.0069935226706141496,"upper_bound":-0.0006436556604884069},"point_estimate":-0.00366940333670962,"standard_error":0.0017225224567496947}}