{"mean":{"confidence_interval":{"confidence_level":0.95,"lower_bound":-0.0711379027757248,"upper_bound":0.013370954293848436},"point_estimate":-0.02405160817810159,"standard_error":0.02196685531498541},"median":{"confidence_interval":{"confidence_level":0.95,"lower_bound":0.022626641630809186,"upper_bound":0.025724996131548883},"point_estimate":0.02352215896178156,"standard_error":0.0008759644183257154}}