{"mean":{"confidence_interval":{"confidence_level":0.95,"lower_bound":-0.16946910856723266,"upper_bound":0.0008304318982991392},"point_estimate":-0.0805247808683831,"standard_error":0.04456820655917246},"median":{"confidence_interval":{"confidence_level":0.95,"lower_bound":-0.011492432022662147,"upper_bound":0.0033219479925028494},"point_estimate":0.0019249181138940585,"standard_error":0.005945673032961827}}