{"mean":{"confidence_interval":{"confidence_level":0.95,"lower_bound":-0.026837306557538285,"upper_bound":-0.023814371446877043},"point_estimate":-0.025610302046132793,"standard_error":0.0008165224992775315},"median":{"confidence_interval":{"confidence_level":0.95,"lower_bound":-0.026814057782498568,"upper_bound":-0.025844580805300943},"point_estimate":-0.026367627456143627,"standard_error":0.00025848551048323444}}