{"mean":{"confidence_interval":{"confidence_level":0.95,"lower_bound":0.0055376775717004886,"upper_bound":0.015089541976444118},"point_estimate":0.010306574637733101,"standard_error":0.002439928213126629},"median":{"confidence_interval":{"confidence_level":0.95,"lower_bound":0.0021108486440437613,"upper_bound":0.01735351942198471},"point_estimate":0.008851081584068998,"standard_error":0.0037362138172622747}}