{"mean":{"confidence_interval":{"confidence_level":0.95,"lower_bound":0.028567992096435752,"upper_bound":0.03773141298444625},"point_estimate":0.03345881951984664,"standard_error":0.002353166158062043},"median":{"confidence_interval":{"confidence_level":0.95,"lower_bound":0.0347833424493329,"upper_bound":0.03931287018657925},"point_estimate":0.037337138022105476,"standard_error":0.0013492794337249324}}