{"mean":{"confidence_interval":{"confidence_level":0.95,"lower_bound":-0.010899165848898421,"upper_bound":-0.0025817520875602643},"point_estimate":-0.006802646519889155,"standard_error":0.002125162915635228},"median":{"confidence_interval":{"confidence_level":0.95,"lower_bound":-0.013122278118648412,"upper_bound":0.0009803003734438764},"point_estimate":-0.005246065990982318,"standard_error":0.003667195330670474}}