{"mean":{"confidence_interval":{"confidence_level":0.95,"lower_bound":3161660.6877307687,"upper_bound":3164304.5953076915},"point_estimate":3162938.607692307,"standard_error":675.5192564223782},"median":{"confidence_interval":{"confidence_level":0.95,"lower_bound":3160396.153846154,"upper_bound":3163728.4615384615},"point_estimate":3161893.076923077,"standard_error":919.169893443508},"median_abs_dev":{"confidence_interval":{"confidence_level":0.95,"lower_bound":2839.7491803534454,"upper_bound":6010.289224065108},"point_estimate":4345.158384396506,"standard_error":765.3820476700603},"slope":null,"std_dev":{"confidence_interval":{"confidence_level":0.95,"lower_bound":3723.336511914374,"upper_bound":5728.655385326333},"point_estimate":4833.358873377038,"standard_error":511.02249522889826}}