{"mean":{"confidence_interval":{"confidence_level":0.95,"lower_bound":4805562678.891,"upper_bound":4815793145.403999},"point_estimate":4810655505.82,"standard_error":2615015.9023699},"median":{"confidence_interval":{"confidence_level":0.95,"lower_bound":4800975306.0,"upper_bound":4815688831.5},"point_estimate":4809662146.0,"standard_error":4165247.8820146373},"median_abs_dev":{"confidence_interval":{"confidence_level":0.95,"lower_bound":15287851.867586374,"upper_bound":29874539.953520894},"point_estimate":22603136.53691411,"standard_error":3615942.917960268},"slope":null,"std_dev":{"confidence_interval":{"confidence_level":0.95,"lower_bound":15938354.777008919,"upper_bound":20945922.130232166},"point_estimate":18739200.838447526,"standard_error":1275102.6523312144}}