{"mean":{"confidence_interval":{"confidence_level":0.95,"lower_bound":0.020642077291356548,"upper_bound":0.024298718853451744},"point_estimate":0.022462761822750865,"standard_error":0.0009183131484303584},"median":{"confidence_interval":{"confidence_level":0.95,"lower_bound":0.020038475599718497,"upper_bound":0.021336224083153166},"point_estimate":0.02066161353138929,"standard_error":0.0003330163229944962}}