{"mean":{"confidence_interval":{"confidence_level":0.95,"lower_bound":0.004875920232614789,"upper_bound":0.008789681753478938},"point_estimate":0.006838595437996142,"standard_error":0.0010017972332932435},"median":{"confidence_interval":{"confidence_level":0.95,"lower_bound":0.004657265518855258,"upper_bound":0.00962206383483677},"point_estimate":0.006368632073598279,"standard_error":0.0012527626387665728}}