{"mean":{"confidence_interval":{"confidence_level":0.95,"lower_bound":-0.0031157977656571406,"upper_bound":0.0011649520081293216},"point_estimate":-0.0006232837423125748,"standard_error":0.0011155982615402194},"median":{"confidence_interval":{"confidence_level":0.95,"lower_bound":-0.0008821559901249776,"upper_bound":0.0009660414947740836},"point_estimate":0.00013597894252659337,"standard_error":0.00044573513596460974}}