{"mean":{"confidence_interval":{"confidence_level":0.95,"lower_bound":-0.0011114130743561572,"upper_bound":0.0017666394169438121},"point_estimate":0.00032253610596155724,"standard_error":0.0007344171364567377},"median":{"confidence_interval":{"confidence_level":0.95,"lower_bound":-0.0010971162847183136,"upper_bound":0.00206668837773738},"point_estimate":0.0005605896194840199,"standard_error":0.0007563000540892728}}