{"mean":{"confidence_interval":{"confidence_level":0.95,"lower_bound":-0.19353335066186822,"upper_bound":-0.0520744394378493},"point_estimate":-0.12051199957161507,"standard_error":0.0364591683900871},"median":{"confidence_interval":{"confidence_level":0.95,"lower_bound":-0.03146663957322826,"upper_bound":-0.02083834319390565},"point_estimate":-0.025681210009698807,"standard_error":0.004663840107537869}}