{"mean":{"confidence_interval":{"confidence_level":0.95,"lower_bound":-0.000784060015942178,"upper_bound":0.0006089411390804822},"point_estimate":-0.00010957262074406948,"standard_error":0.0003544612315082518},"median":{"confidence_interval":{"confidence_level":0.95,"lower_bound":-0.0009056489733120232,"upper_bound":0.0007627619890426053},"point_estimate":0.00015216124203787373,"standard_error":0.00042720768736362205}}