{"mean":{"confidence_interval":{"confidence_level":0.95,"lower_bound":-0.25297397710027386,"upper_bound":-0.05685637338071169},"point_estimate":-0.1566616095991471,"standard_error":0.05103361867850209},"median":{"confidence_interval":{"confidence_level":0.95,"lower_bound":-0.019899796226055977,"upper_bound":-0.011230773495017887},"point_estimate":-0.015509028344820264,"standard_error":0.0020127628851298695}}