{"mean":{"confidence_interval":{"confidence_level":0.95,"lower_bound":0.06485386864533069,"upper_bound":0.07267264523790945},"point_estimate":0.06960104123102284,"standard_error":0.00208426795625149},"median":{"confidence_interval":{"confidence_level":0.95,"lower_bound":0.06910082970928721,"upper_bound":0.07275209789931703},"point_estimate":0.07094068636635198,"standard_error":0.0009253642592197404}}