{"mean":{"confidence_interval":{"confidence_level":0.95,"lower_bound":0.0020575842805563185,"upper_bound":0.003420844418573021},"point_estimate":0.0027162590510327878,"standard_error":0.00034822385872212465},"median":{"confidence_interval":{"confidence_level":0.95,"lower_bound":0.0012689596431261219,"upper_bound":0.0034261895581892965},"point_estimate":0.002576388293273668,"standard_error":0.0005339128794123954}}