{"mean":{"confidence_interval":{"confidence_level":0.95,"lower_bound":-0.04272399677385721,"upper_bound":-0.030769539573769836},"point_estimate":-0.0370101606750306,"standard_error":0.0030507081508441545},"median":{"confidence_interval":{"confidence_level":0.95,"lower_bound":-0.04640126910738607,"upper_bound":-0.033344306363048526},"point_estimate":-0.04361839755254271,"standard_error":0.00364279041221001}}