{"mean":{"confidence_interval":{"confidence_level":0.95,"lower_bound":-0.0011436048296874224,"upper_bound":0.003366005813919126},"point_estimate":0.001154622950631179,"standard_error":0.0011524258110288165},"median":{"confidence_interval":{"confidence_level":0.95,"lower_bound":-0.0009467698529561641,"upper_bound":0.003906740301367284},"point_estimate":0.0011140726778864352,"standard_error":0.0012329079454073018}}