{"mean":{"confidence_interval":{"confidence_level":0.95,"lower_bound":4872481338.7845,"upper_bound":4876944666.256},"point_estimate":4874611644.32,"standard_error":1143869.4197616645},"median":{"confidence_interval":{"confidence_level":0.95,"lower_bound":4871318824.0,"upper_bound":4876440359.5},"point_estimate":4874745979.5,"standard_error":1453220.7371287479},"median_abs_dev":{"confidence_interval":{"confidence_level":0.95,"lower_bound":5160198.845288157,"upper_bound":9762728.08867693},"point_estimate":7462744.062709808,"standard_error":1182223.8647579842},"slope":null,"std_dev":{"confidence_interval":{"confidence_level":0.95,"lower_bound":5809060.1204363005,"upper_bound":10711814.230011132},"point_estimate":8172039.09208444,"standard_error":1327491.445695807}}