{"mean":{"confidence_interval":{"confidence_level":0.95,"lower_bound":-0.009358844322930335,"upper_bound":-0.006058374539501962},"point_estimate":-0.007669809137950678,"standard_error":0.0008461049311873991},"median":{"confidence_interval":{"confidence_level":0.95,"lower_bound":-0.010200314023243728,"upper_bound":-0.005489111034397198},"point_estimate":-0.008710157197082125,"standard_error":0.0012643265691499417}}