{"mean":{"confidence_interval":{"confidence_level":0.95,"lower_bound":-0.06229003949819769,"upper_bound":-0.055488529181260286},"point_estimate":-0.05926266067284458,"standard_error":0.001753096673134578},"median":{"confidence_interval":{"confidence_level":0.95,"lower_bound":-0.06493107564462064,"upper_bound":-0.049679048737672704},"point_estimate":-0.06288246291985089,"standard_error":0.003396053935528242}}