{"mean":{"confidence_interval":{"confidence_level":0.95,"lower_bound":0.001656780482802972,"upper_bound":0.0027907226759723513},"point_estimate":0.0022139763499990917,"standard_error":0.0002873916469172542},"median":{"confidence_interval":{"confidence_level":0.95,"lower_bound":0.0017056802802934978,"upper_bound":0.0027842766644123884},"point_estimate":0.0021070345139908575,"standard_error":0.0002790801777240416}}