{"mean":{"confidence_interval":{"confidence_level":0.95,"lower_bound":0.0003312580400378524,"upper_bound":0.023444334097280084},"point_estimate":0.008716798915859192,"standard_error":0.006522927429541438},"median":{"confidence_interval":{"confidence_level":0.95,"lower_bound":-0.0020587461650569683,"upper_bound":0.002679886948303345},"point_estimate":0.00028597569192245764,"standard_error":0.0012442426862994225}}