{"mean":{"confidence_interval":{"confidence_level":0.95,"lower_bound":-0.01231405555784999,"upper_bound":0.0019170857694139286},"point_estimate":-0.004474834490938995,"standard_error":0.003668806750414924},"median":{"confidence_interval":{"confidence_level":0.95,"lower_bound":-0.007529647774514592,"upper_bound":0.003424648231445504},"point_estimate":-0.0027580071189502453,"standard_error":0.002955943703538154}}