{"mean":{"confidence_interval":{"confidence_level":0.95,"lower_bound":0.00018850969121249624,"upper_bound":0.006227309121486368},"point_estimate":0.002643958599487073,"standard_error":0.0014578183738439634},"median":{"confidence_interval":{"confidence_level":0.95,"lower_bound":-0.0008879232722180941,"upper_bound":0.00003769822376087362},"point_estimate":-0.0005486129727900746,"standard_error":0.0002739145154073264}}