{"mean":{"confidence_interval":{"confidence_level":0.95,"lower_bound":0.00019525113441403735,"upper_bound":0.0032964820644570845},"point_estimate":0.0017366062503123558,"standard_error":0.0007919332763526009},"median":{"confidence_interval":{"confidence_level":0.95,"lower_bound":-0.0013312567261503094,"upper_bound":0.004672699426838012},"point_estimate":-0.0001151942792333438,"standard_error":0.0015306078776919703}}