{"mean":{"confidence_interval":{"confidence_level":0.95,"lower_bound":-0.01429717885544953,"upper_bound":-0.008687240500193406},"point_estimate":-0.011749326781949843,"standard_error":0.0014434227125558969},"median":{"confidence_interval":{"confidence_level":0.95,"lower_bound":-0.01601377039784979,"upper_bound":-0.009053210866937333},"point_estimate":-0.01191723254731425,"standard_error":0.0017762747789105352}}