{"mean":{"confidence_interval":{"confidence_level":0.95,"lower_bound":-0.009472105891674016,"upper_bound":-0.007755914004824841},"point_estimate":-0.008605973513087783,"standard_error":0.0004378413818849378},"median":{"confidence_interval":{"confidence_level":0.95,"lower_bound":-0.009598400459472356,"upper_bound":-0.0077106306144870684},"point_estimate":-0.008407141864060552,"standard_error":0.0004872780417131962}}