{"mean":{"confidence_interval":{"confidence_level":0.95,"lower_bound":-0.004560649290326156,"upper_bound":0.013374422317885847},"point_estimate":0.004518452745230883,"standard_error":0.004546394059389338},"median":{"confidence_interval":{"confidence_level":0.95,"lower_bound":-0.010934787089364675,"upper_bound":0.02181403434357443},"point_estimate":0.011647008953965532,"standard_error":0.009372536159681078}}