{"mean":{"confidence_interval":{"confidence_level":0.95,"lower_bound":-0.007988292836821377,"upper_bound":-0.0004983670029986145},"point_estimate":-0.003933024363063309,"standard_error":0.001917143079232669},"median":{"confidence_interval":{"confidence_level":0.95,"lower_bound":-0.00234221899918885,"upper_bound":-0.000612539687895514},"point_estimate":-0.0013063086347738784,"standard_error":0.00044903097090714857}}