{"mean":{"confidence_interval":{"confidence_level":0.95,"lower_bound":-0.03508787568748107,"upper_bound":-0.017794709253232358},"point_estimate":-0.025226330511067818,"standard_error":0.0044711039497494064},"median":{"confidence_interval":{"confidence_level":0.95,"lower_bound":-0.027234837200055408,"upper_bound":-0.013900118557640728},"point_estimate":-0.02283359936470042,"standard_error":0.0033071692880745442}}