{"mean":{"confidence_interval":{"confidence_level":0.95,"lower_bound":7.569618529983206,"upper_bound":7.57713760235907},"point_estimate":7.573263984783982,"standard_error":0.0019182846009836905},"median":{"confidence_interval":{"confidence_level":0.95,"lower_bound":7.566335020501574,"upper_bound":7.577162620982829},"point_estimate":7.5714335713842535,"standard_error":0.002753998414608056},"median_abs_dev":{"confidence_interval":{"confidence_level":0.95,"lower_bound":0.004531514265818804,"upper_bound":0.014700652964558008},"point_estimate":0.008663645124165606,"standard_error":0.0025695003962282726},"slope":{"confidence_interval":{"confidence_level":0.95,"lower_bound":7.566589282794558,"upper_bound":7.5740290942591},"point_estimate":7.570002046655916,"standard_error":0.0019252961298718897},"std_dev":{"confidence_interval":{"confidence_level":0.95,"lower_bound":0.006167525771034235,"upper_bound":0.010432840183458445},"point_estimate":0.008802454661049768,"standard_error":0.001084521582083955}}