{"mean":{"confidence_interval":{"confidence_level":0.95,"lower_bound":5.927931953431302,"upper_bound":5.937284191620318},"point_estimate":5.93190554798931,"standard_error":0.002423639430786806},"median":{"confidence_interval":{"confidence_level":0.95,"lower_bound":5.926087567222268,"upper_bound":5.9315679407747375},"point_estimate":5.928381701817923,"standard_error":0.001624106566500233},"median_abs_dev":{"confidence_interval":{"confidence_level":0.95,"lower_bound":0.0016106972602374068,"upper_bound":0.008515023479704745},"point_estimate":0.004668889463663964,"standard_error":0.0017725804642758829},"slope":{"confidence_interval":{"confidence_level":0.95,"lower_bound":5.927733200268623,"upper_bound":5.930855897234055},"point_estimate":5.929377994917222,"standard_error":0.0007946335356031827},"std_dev":{"confidence_interval":{"confidence_level":0.95,"lower_bound":0.003476755726665387,"upper_bound":0.016573231280415823},"point_estimate":0.01110417140078369,"standard_error":0.0037472920447306104}}