{"mean":{"confidence_interval":{"confidence_level":0.95,"lower_bound":-0.06366548192547565,"upper_bound":-0.06155133128549172},"point_estimate":-0.06259565794105626,"standard_error":0.0005391875332310147},"median":{"confidence_interval":{"confidence_level":0.95,"lower_bound":-0.06395677883032835,"upper_bound":-0.060822465953613736},"point_estimate":-0.06234559390699057,"standard_error":0.0007677020034016889}}