{"mean":{"confidence_interval":{"confidence_level":0.95,"lower_bound":-0.05476785623161174,"upper_bound":-0.051564070462166656},"point_estimate":-0.053179134963393326,"standard_error":0.0008194482683499075},"median":{"confidence_interval":{"confidence_level":0.95,"lower_bound":-0.05541702388264458,"upper_bound":-0.05187988116116593},"point_estimate":-0.05407275648463161,"standard_error":0.000901678800523123}}