{"mean":{"confidence_interval":{"confidence_level":0.95,"lower_bound":0.03578067968525291,"upper_bound":0.04275522200169595},"point_estimate":0.039161715807820574,"standard_error":0.001737132926893361},"median":{"confidence_interval":{"confidence_level":0.95,"lower_bound":0.0322528428625255,"upper_bound":0.04797385126608744},"point_estimate":0.03567196443872778,"standard_error":0.004510973018656115}}