{"mean":{"confidence_interval":{"confidence_level":0.95,"lower_bound":-0.00951922829442284,"upper_bound":-0.002761958567302041},"point_estimate":-0.006274501664165322,"standard_error":0.001705541277145857},"median":{"confidence_interval":{"confidence_level":0.95,"lower_bound":-0.00837633117255443,"upper_bound":-0.0008064542765418015},"point_estimate":-0.005487115259087183,"standard_error":0.00198461534237792}}