{"mean":{"confidence_interval":{"confidence_level":0.95,"lower_bound":-0.0018785335916000733,"upper_bound":-0.00015335500193284506},"point_estimate":-0.000990459867822202,"standard_error":0.0004405532768337103},"median":{"confidence_interval":{"confidence_level":0.95,"lower_bound":-0.001532820940298052,"upper_bound":0.00002343952718986131},"point_estimate":-0.0007730238289724856,"standard_error":0.00036606269422190555}}