{"mean":{"confidence_interval":{"confidence_level":0.95,"lower_bound":0.004941241284012349,"upper_bound":0.007607610608981075},"point_estimate":0.006346447878699868,"standard_error":0.000672856160851631},"median":{"confidence_interval":{"confidence_level":0.95,"lower_bound":0.005076977055373799,"upper_bound":0.008362513909351055},"point_estimate":0.006555566427887127,"standard_error":0.0008751947349190655}}