{"mean":{"confidence_interval":{"confidence_level":0.95,"lower_bound":-0.00239876107189875,"upper_bound":0.00212614666390464},"point_estimate":-0.00010837967595933584,"standard_error":0.0011842930494226076},"median":{"confidence_interval":{"confidence_level":0.95,"lower_bound":-0.004271456055632505,"upper_bound":-0.002337213059026566},"point_estimate":-0.003369356651221511,"standard_error":0.0004956587669150066}}