{"mean":{"confidence_interval":{"confidence_level":0.95,"lower_bound":-0.04444862532885011,"upper_bound":0.061520860743327514},"point_estimate":0.011074417113508872,"standard_error":0.027147122095147448},"median":{"confidence_interval":{"confidence_level":0.95,"lower_bound":0.08198563401521852,"upper_bound":0.08906740763686627},"point_estimate":0.08585327174551693,"standard_error":0.0018610043014820126}}